# CoACD convex decomposition of suzanne (threshold=0.03, max_convex_hull=50), 50 hulls
# One 'o' block per hull -> PyBullet builds a compound of convex hulls
o hull_000
v 0.000000 0.847448 0.243387
v -0.015483 0.846238 0.243387
v 0.000000 0.841948 0.255209
v 0.015483 0.846238 0.243387
v -0.181461 0.832157 0.243387
v -0.217846 0.828086 0.243387
v 0.000000 0.727755 0.382827
v 0.217846 0.828086 0.243387
v 0.181461 0.832157 0.243387
v -0.221562 0.827536 0.243387
v -0.223730 0.707843 0.371251
v -0.116278 0.712023 0.382827
v -0.017960 0.725665 0.382827
v 0.018270 0.725665 0.382827
v 0.223730 0.707843 0.371251
v 0.221562 0.827536 0.243387
v 0.116278 0.712023 0.382827
v -0.361065 0.771870 0.243387
v -0.224969 0.694421 0.382827
v -0.210415 0.697281 0.382827
v -0.206234 0.697941 0.382827
v -0.410301 0.750527 0.243387
v -0.411539 0.678579 0.317182
v -0.416649 0.606191 0.382827
v 0.224969 0.694421 0.382827
v 0.416649 0.606191 0.382827
v 0.411539 0.678579 0.317182
v 0.410301 0.750527 0.243387
v 0.361065 0.771870 0.243387
v 0.207628 0.697721 0.382827
v 0.210415 0.697281 0.382827
v -0.521779 0.656577 0.243387
v -0.706956 0.433912 0.382827
v -0.640998 0.473076 0.382827
v 0.640998 0.473076 0.382827
v 0.706956 0.433912 0.382827
v 0.521779 0.656577 0.243387
v -0.540668 0.640295 0.243387
v -0.696427 0.498379 0.243387
v -0.750773 0.391667 0.382827
v 0.750773 0.391667 0.382827
v 0.696427 0.498379 0.243387
v 0.540668 0.640295 0.243387
v -0.750463 0.429401 0.243387
v -0.759598 0.382096 0.382827
v 0.759598 0.382096 0.382827
v 0.750463 0.429401 0.243387
v -0.781584 0.342821 0.243387
v -0.779262 0.344692 0.382827
v 0.779262 0.344692 0.382827
v 0.781584 0.342821 0.243387
v -0.787623 0.319499 0.243387
v -0.788552 0.291006 0.382827
v 0.788552 0.291006 0.382827
v 0.787623 0.319499 0.243387
v -0.790719 0.274174 0.243387
v -0.788706 0.279014 0.382827
v 0.788706 0.279014 0.382827
v 0.790719 0.274174 0.243387
v -0.782358 0.199585 0.243387
v -0.775081 0.201675 0.382827
v 0.782358 0.199585 0.243387
v 0.775081 0.201675 0.382827
v -0.780810 0.194525 0.243387
v -0.769507 0.179013 0.382827
v 0.780810 0.194525 0.243387
v 0.769507 0.179013 0.382827
v -0.737767 0.098154 0.243387
v -0.728013 0.109595 0.382827
v 0.737767 0.098154 0.243387
v 0.728013 0.109595 0.382827
v -0.732658 0.089683 0.243387
v -0.707575 0.079782 0.382827
v 0.732658 0.089683 0.243387
v 0.707575 0.079782 0.382827
v -0.652146 -0.006358 0.243387
v -0.629850 0.005523 0.382827
v 0.652146 -0.006358 0.243387
v 0.629850 0.005523 0.382827
v -0.283959 -0.276438 0.243387
v -0.255935 -0.276438 0.377339
v -0.254696 -0.276438 0.382827
v -0.623657 0.000023 0.382827
v 0.623657 0.000023 0.382827
v 0.254696 -0.276438 0.382827
v 0.255935 -0.276438 0.377339
v 0.283959 -0.276438 0.243387
f 1 2 3
f 1 3 4
f 1 4 9
f 1 9 8
f 1 8 16
f 1 16 29
f 1 29 28
f 1 28 37
f 1 37 43
f 1 43 42
f 1 42 47
f 1 47 51
f 1 51 55
f 1 55 59
f 1 59 62
f 1 62 66
f 1 66 70
f 1 70 74
f 1 74 78
f 1 78 87
f 1 87 80
f 1 80 76
f 1 76 72
f 1 72 68
f 1 68 64
f 1 64 60
f 1 60 56
f 1 56 52
f 1 52 48
f 1 48 44
f 1 44 39
f 1 39 38
f 1 38 32
f 1 32 22
f 1 22 18
f 1 18 10
f 1 10 6
f 1 6 5
f 1 5 2
f 2 5 3
f 3 5 6
f 3 6 7
f 3 7 8
f 3 8 9
f 3 9 4
f 6 10 11
f 6 11 12
f 6 12 13
f 6 13 7
f 7 13 12
f 7 12 21
f 7 21 20
f 7 20 19
f 7 19 24
f 7 24 34
f 7 34 33
f 7 33 40
f 7 40 45
f 7 45 49
f 7 49 53
f 7 53 57
f 7 57 61
f 7 61 65
f 7 65 69
f 7 69 73
f 7 73 77
f 7 77 83
f 7 83 82
f 7 82 85
f 7 85 84
f 7 84 79
f 7 79 75
f 7 75 71
f 7 71 67
f 7 67 63
f 7 63 58
f 7 58 54
f 7 54 50
f 7 50 46
f 7 46 41
f 7 41 36
f 7 36 35
f 7 35 26
f 7 26 25
f 7 25 31
f 7 31 30
f 7 30 17
f 7 17 14
f 7 14 8
f 8 15 16
f 8 14 17
f 8 17 15
f 10 18 11
f 11 19 20
f 11 20 21
f 11 21 12
f 11 18 22
f 11 22 23
f 11 23 24
f 11 24 19
f 15 25 26
f 15 26 27
f 15 27 28
f 15 28 29
f 15 29 16
f 15 17 30
f 15 30 31
f 15 31 25
f 22 32 33
f 22 33 23
f 23 33 34
f 23 34 24
f 26 35 27
f 27 35 36
f 27 36 28
f 28 36 37
f 32 38 33
f 33 39 40
f 33 38 39
f 36 41 42
f 36 42 43
f 36 43 37
f 39 44 45
f 39 45 40
f 41 46 42
f 42 46 47
f 44 48 49
f 44 49 45
f 46 50 47
f 47 50 51
f 48 52 49
f 49 52 53
f 50 54 55
f 50 55 51
f 52 56 53
f 53 56 57
f 54 58 59
f 54 59 55
f 56 60 57
f 57 60 61
f 58 62 59
f 58 63 62
f 60 64 65
f 60 65 61
f 62 63 67
f 62 67 66
f 64 68 65
f 65 68 69
f 66 67 70
f 67 71 70
f 68 72 69
f 69 72 73
f 70 71 74
f 71 75 74
f 72 76 73
f 73 76 77
f 74 75 78
f 75 79 78
f 76 80 81
f 76 81 82
f 76 82 83
f 76 83 77
f 78 79 84
f 78 84 85
f 78 85 86
f 78 86 87
f 80 87 86
f 80 86 85
f 80 85 82
f 80 82 81
o hull_001
v -0.283963 -0.276449 0.243387
v -0.211416 -0.361457 0.243387
v -0.253221 -0.381921 0.452302
v -0.261393 -0.381921 0.488249
v -0.263005 -0.381921 0.514268
v -0.264061 -0.381921 0.563306
v -0.260726 -0.369572 0.563142
v -0.246272 -0.276449 0.470848
v 0.283963 -0.276449 0.243387
v -0.189679 -0.381921 0.243387
v -0.238711 -0.381921 0.631544
v -0.237044 -0.379423 0.634162
v -0.206301 -0.276449 0.633071
v -0.228371 -0.276449 0.564833
v -0.228649 -0.276449 0.563906
v 0.246272 -0.276449 0.470848
v 0.260726 -0.369572 0.563142
v 0.264061 -0.381921 0.563306
v 0.263005 -0.381921 0.514268
v 0.261393 -0.381921 0.488249
v 0.253221 -0.381921 0.452302
v 0.211416 -0.361457 0.243387
v 0.189679 -0.381921 0.243387
v -0.237655 -0.381921 0.634217
v -0.204800 -0.276449 0.636290
v -0.174336 -0.276449 0.690509
v 0.228649 -0.276449 0.563906
v 0.237044 -0.379423 0.634162
v 0.238711 -0.381921 0.631544
v 0.228371 -0.276449 0.564833
v 0.206301 -0.276449 0.633071
v -0.193404 -0.381921 0.690455
v -0.173224 -0.276449 0.692200
v 0.237655 -0.381921 0.634217
v 0.204800 -0.276449 0.636290
v 0.174336 -0.276449 0.690509
v -0.192348 -0.381921 0.691655
v -0.146151 -0.276449 0.721383
v 0.193404 -0.381921 0.690455
v 0.173224 -0.276449 0.692200
v -0.143649 -0.381921 0.723237
v -0.061818 -0.276449 0.787985
v -0.072881 -0.276449 0.780730
v -0.075716 -0.276449 0.778494
v 0.192348 -0.381921 0.691655
v 0.146151 -0.276449 0.721383
v -0.140369 -0.381921 0.725092
v -0.050644 -0.276449 0.793548
v 0.072881 -0.276449 0.780730
v 0.061818 -0.276449 0.787985
v 0.143649 -0.381921 0.723237
v 0.075716 -0.276449 0.778494
v -0.092783 -0.381921 0.739274
v -0.046753 -0.276449 0.795021
v 0.050644 -0.276449 0.793548
v 0.140369 -0.381921 0.725092
v -0.088613 -0.381921 0.740474
v -0.041638 -0.276449 0.796112
v 0.046753 -0.276449 0.795021
v 0.092783 -0.381921 0.739274
v -0.084944 -0.381921 0.740911
v -0.021236 -0.276449 0.798840
v 0.041638 -0.276449 0.796112
v 0.088613 -0.381921 0.740474
v -0.042194 -0.381921 0.745820
v 0.000000 -0.276449 0.800640
v 0.021236 -0.276449 0.798840
v 0.084944 -0.381921 0.740911
v 0.000000 -0.381921 0.746747
v 0.042194 -0.381921 0.745820
f 88 89 90
f 88 90 91
f 88 91 92
f 88 92 93
f 88 93 94
f 88 94 95
f 88 95 102
f 88 102 101
f 88 101 100
f 88 100 112
f 88 112 113
f 88 113 120
f 88 120 125
f 88 125 131
f 88 131 130
f 88 130 129
f 88 129 135
f 88 135 141
f 88 141 145
f 88 145 149
f 88 149 153
f 88 153 154
f 88 154 150
f 88 150 146
f 88 146 142
f 88 142 137
f 88 137 136
f 88 136 139
f 88 139 133
f 88 133 127
f 88 127 123
f 88 123 122
f 88 122 118
f 88 118 117
f 88 117 114
f 88 114 103
f 88 103 96
f 88 96 109
f 88 109 110
f 88 110 97
f 88 97 89
f 89 97 90
f 90 97 110
f 90 110 108
f 90 108 107
f 90 107 106
f 90 106 105
f 90 105 116
f 90 116 121
f 90 121 126
f 90 126 132
f 90 132 138
f 90 138 143
f 90 143 147
f 90 147 151
f 90 151 155
f 90 155 157
f 90 157 156
f 90 156 152
f 90 152 148
f 90 148 144
f 90 144 140
f 90 140 134
f 90 134 128
f 90 128 124
f 90 124 119
f 90 119 111
f 90 111 98
f 90 98 93
f 90 93 92
f 90 92 91
f 93 98 94
f 94 98 99
f 94 99 100
f 94 100 101
f 94 101 102
f 94 102 95
f 96 103 104
f 96 104 105
f 96 105 106
f 96 106 107
f 96 107 108
f 96 108 109
f 98 111 99
f 99 112 100
f 99 111 113
f 99 113 112
f 103 114 104
f 104 115 116
f 104 116 105
f 104 114 117
f 104 117 118
f 104 118 115
f 108 110 109
f 111 119 120
f 111 120 113
f 115 121 116
f 115 118 122
f 115 122 123
f 115 123 121
f 119 124 120
f 120 124 125
f 121 123 127
f 121 127 126
f 124 128 129
f 124 129 130
f 124 130 131
f 124 131 125
f 126 127 132
f 127 133 132
f 128 134 129
f 129 134 135
f 132 136 137
f 132 137 138
f 132 133 139
f 132 139 136
f 134 140 141
f 134 141 135
f 137 142 143
f 137 143 138
f 140 144 141
f 141 144 145
f 142 146 143
f 143 146 147
f 144 148 149
f 144 149 145
f 146 150 151
f 146 151 147
f 148 152 149
f 149 152 153
f 150 154 151
f 151 154 155
f 152 156 153
f 153 156 157
f 153 157 154
f 154 157 155
o hull_002
v -0.189660 -0.381921 0.243387
v -0.170933 -0.399837 0.243387
v -0.249108 -0.536897 0.412502
v -0.287961 -0.536897 0.482769
v -0.282944 -0.499488 0.484789
v -0.253191 -0.381921 0.452316
v 0.189660 -0.381921 0.243387
v -0.117961 -0.433059 0.243387
v -0.194386 -0.536897 0.370864
v -0.296420 -0.536897 0.547566
v -0.268826 -0.413642 0.487450
v -0.261359 -0.381921 0.488238
v 0.253191 -0.381921 0.452316
v 0.282944 -0.499488 0.484789
v 0.287961 -0.536897 0.482769
v 0.249108 -0.536897 0.412502
v 0.170933 -0.399837 0.243387
v -0.090250 -0.447486 0.243387
v -0.135580 -0.536897 0.341298
v -0.297996 -0.536897 0.562497
v -0.281019 -0.444892 0.564222
v -0.262992 -0.381921 0.514207
v 0.261359 -0.381921 0.488238
v 0.268826 -0.413642 0.487450
v 0.296420 -0.536897 0.547566
v 0.194386 -0.536897 0.370864
v 0.117961 -0.433059 0.243387
v -0.043521 -0.455025 0.243387
v -0.071815 -0.536897 0.318089
v -0.270518 -0.536897 0.632321
v -0.256808 -0.460775 0.634834
v -0.264042 -0.381921 0.563285
v -0.237673 -0.381921 0.634193
v -0.238723 -0.381921 0.631532
v 0.262992 -0.381921 0.514207
v 0.281019 -0.444892 0.564222
v 0.297996 -0.536897 0.562497
v 0.135580 -0.536897 0.341298
v 0.090250 -0.447486 0.243387
v 0.000000 -0.461973 0.243387
v -0.043404 -0.536897 0.314147
v -0.219296 -0.536897 0.686228
v -0.207453 -0.463975 0.690318
v -0.192344 -0.381921 0.691649
v -0.193394 -0.381921 0.690466
v 0.264042 -0.381921 0.563285
v 0.238723 -0.381921 0.631532
v 0.237673 -0.381921 0.634193
v 0.256808 -0.460775 0.634834
v 0.270518 -0.536897 0.632321
v 0.071815 -0.536897 0.318089
v 0.043521 -0.455025 0.243387
v 0.000000 -0.536897 0.310008
v 0.043404 -0.536897 0.314147
v -0.159557 -0.536897 0.719440
v -0.149290 -0.462853 0.723629
v -0.143631 -0.381921 0.723234
v 0.193394 -0.381921 0.690466
v 0.192344 -0.381921 0.691649
v 0.207453 -0.463975 0.690318
v 0.219296 -0.536897 0.686228
v -0.116095 -0.536897 0.731710
v -0.140364 -0.381921 0.725107
v -0.092642 -0.461579 0.739545
v -0.088617 -0.381921 0.740481
v -0.092759 -0.381921 0.739298
v 0.143631 -0.381921 0.723234
v 0.149290 -0.462853 0.723629
v 0.159557 -0.536897 0.719440
v -0.100460 -0.536897 0.736095
v -0.087042 -0.536897 0.737672
v -0.043754 -0.462261 0.745261
v -0.042179 -0.381921 0.745803
v 0.140364 -0.381921 0.725107
v 0.092642 -0.461579 0.739545
v 0.116095 -0.536897 0.731710
v 0.092759 -0.381921 0.739298
v 0.088617 -0.381921 0.740481
v -0.048013 -0.536897 0.742156
v -0.036520 -0.536897 0.742403
v 0.000000 -0.463096 0.746049
v 0.000000 -0.381921 0.746788
v 0.100460 -0.536897 0.736095
v 0.043754 -0.462261 0.745261
v 0.087042 -0.536897 0.737672
v 0.042179 -0.381921 0.745803
v 0.000000 -0.536897 0.743043
v 0.036520 -0.536897 0.742403
v 0.048013 -0.536897 0.742156
f 158 159 160
f 158 160 161
f 158 161 162
f 158 162 163
f 158 163 169
f 158 169 179
f 158 179 189
f 158 189 191
f 158 191 190
f 158 190 202
f 158 202 201
f 158 201 214
f 158 214 220
f 158 220 223
f 158 223 222
f 158 222 230
f 158 230 239
f 158 239 243
f 158 243 235
f 158 235 234
f 158 234 231
f 158 231 224
f 158 224 216
f 158 216 215
f 158 215 205
f 158 205 204
f 158 204 203
f 158 203 192
f 158 192 180
f 158 180 170
f 158 170 164
f 158 164 174
f 158 174 184
f 158 184 196
f 158 196 209
f 158 209 197
f 158 197 185
f 158 185 175
f 158 175 165
f 158 165 159
f 159 165 166
f 159 166 160
f 160 166 176
f 160 176 186
f 160 186 198
f 160 198 210
f 160 210 211
f 160 211 208
f 160 208 195
f 160 195 183
f 160 183 173
f 160 173 172
f 160 172 182
f 160 182 194
f 160 194 207
f 160 207 218
f 160 218 226
f 160 226 233
f 160 233 240
f 160 240 242
f 160 242 246
f 160 246 245
f 160 245 244
f 160 244 237
f 160 237 236
f 160 236 228
f 160 228 227
f 160 227 219
f 160 219 212
f 160 212 199
f 160 199 187
f 160 187 177
f 160 177 167
f 160 167 161
f 161 167 162
f 162 167 168
f 162 168 163
f 163 168 169
f 164 170 171
f 164 171 172
f 164 172 173
f 164 173 174
f 165 175 176
f 165 176 166
f 167 177 168
f 168 177 178
f 168 178 179
f 168 179 169
f 170 180 181
f 170 181 171
f 171 182 172
f 171 181 182
f 173 183 174
f 174 183 184
f 175 185 186
f 175 186 176
f 177 187 188
f 177 188 178
f 178 189 179
f 178 188 190
f 178 190 191
f 178 191 189
f 180 192 181
f 181 192 193
f 181 193 194
f 181 194 182
f 183 195 184
f 184 195 196
f 185 197 198
f 185 198 186
f 187 199 200
f 187 200 188
f 188 200 201
f 188 201 202
f 188 202 190
f 192 203 193
f 193 203 204
f 193 204 205
f 193 205 206
f 193 206 194
f 194 206 207
f 195 208 196
f 196 208 209
f 197 210 198
f 197 209 211
f 197 211 210
f 199 212 213
f 199 213 200
f 200 213 214
f 200 214 201
f 205 215 206
f 206 215 216
f 206 216 217
f 206 217 207
f 207 217 218
f 208 211 209
f 212 219 213
f 213 220 214
f 213 219 221
f 213 221 222
f 213 222 223
f 213 223 220
f 216 224 217
f 217 224 225
f 217 225 218
f 218 225 226
f 219 227 221
f 221 227 228
f 221 228 229
f 221 229 222
f 222 229 230
f 224 231 225
f 225 232 233
f 225 233 226
f 225 231 234
f 225 234 235
f 225 235 232
f 228 236 229
f 229 236 237
f 229 237 238
f 229 238 239
f 229 239 230
f 232 240 233
f 232 235 241
f 232 241 242
f 232 242 240
f 235 243 241
f 237 244 238
f 238 244 245
f 238 245 241
f 238 241 239
f 239 241 243
f 241 245 246
f 241 246 242
o hull_003
v 0.000000 -0.536897 0.309966
v 0.000000 -0.780378 0.365461
v -0.071058 -0.771654 0.369065
v -0.043392 -0.536897 0.314163
v 0.043392 -0.536897 0.314163
v 0.071058 -0.771654 0.369065
v 0.072021 -0.789374 0.375763
v 0.000000 -0.789374 0.369234
v -0.072021 -0.789374 0.375763
v -0.071764 -0.536897 0.318064
v -0.221455 -0.789374 0.394502
v 0.071764 -0.536897 0.318064
v 0.221455 -0.789374 0.394502
v -0.213945 -0.735251 0.384920
v -0.135569 -0.536897 0.341254
v -0.281216 -0.789374 0.414131
v 0.135569 -0.536897 0.341254
v 0.213945 -0.735251 0.384920
v 0.281216 -0.789374 0.414131
v -0.276017 -0.743035 0.410188
v -0.194367 -0.536897 0.370888
v -0.317548 -0.789374 0.462842
v 0.194367 -0.536897 0.370888
v 0.276017 -0.743035 0.410188
v 0.317548 -0.789374 0.462842
v -0.318382 -0.788237 0.464072
v -0.249121 -0.536897 0.412477
v -0.318382 -0.789374 0.464029
v 0.249121 -0.536897 0.412477
v 0.318382 -0.788237 0.464072
v 0.318382 -0.789374 0.464029
v -0.318703 -0.789374 0.465810
v -0.326213 -0.753292 0.544241
v -0.308882 -0.697933 0.471109
v -0.287956 -0.536897 0.482768
v 0.287956 -0.536897 0.482768
v 0.308882 -0.697933 0.471109
v 0.326213 -0.753292 0.544241
v 0.318703 -0.789374 0.465810
v -0.327882 -0.789374 0.538899
v -0.302206 -0.768515 0.610928
v -0.292064 -0.678063 0.623095
v -0.315044 -0.654955 0.555772
v -0.296172 -0.598484 0.479461
v -0.296429 -0.536897 0.547590
v 0.296429 -0.536897 0.547590
v 0.315044 -0.654955 0.555772
v 0.296172 -0.598484 0.479461
v 0.302206 -0.768515 0.610928
v 0.327882 -0.789374 0.538899
v 0.292064 -0.678063 0.623095
v -0.302591 -0.789374 0.606943
v -0.249249 -0.753736 0.664515
v -0.276017 -0.567789 0.631278
v -0.240199 -0.675987 0.675114
v -0.224857 -0.571225 0.684314
v -0.299574 -0.545695 0.562343
v -0.297970 -0.536897 0.562513
v 0.297970 -0.536897 0.562513
v 0.299574 -0.545695 0.562343
v 0.276017 -0.567789 0.631278
v 0.249249 -0.753736 0.664515
v 0.302591 -0.789374 0.606943
v 0.224857 -0.571225 0.684314
v 0.240199 -0.675987 0.675114
v -0.249827 -0.789374 0.657351
v -0.210222 -0.789374 0.678166
v -0.184546 -0.775509 0.694319
v -0.184097 -0.730209 0.702374
v -0.270496 -0.536897 0.632295
v -0.219273 -0.536897 0.686222
v -0.177549 -0.666175 0.709624
v -0.163941 -0.568704 0.717636
v -0.159512 -0.536897 0.719459
v 0.270496 -0.536897 0.632295
v 0.219273 -0.536897 0.686222
v 0.249827 -0.789374 0.657351
v 0.184097 -0.730209 0.702374
v 0.184546 -0.775509 0.694319
v 0.210222 -0.789374 0.678166
v 0.159512 -0.536897 0.719459
v 0.163941 -0.568704 0.717679
v 0.177549 -0.666175 0.709624
v -0.183647 -0.789374 0.691012
v -0.128572 -0.789374 0.710726
v -0.113745 -0.745309 0.722469
v -0.117339 -0.712143 0.724843
v -0.113873 -0.657352 0.728701
v -0.103410 -0.565170 0.734806
v -0.116120 -0.536897 0.731711
v 0.117339 -0.712143 0.724843
v 0.113745 -0.745309 0.722469
v 0.128572 -0.789374 0.710726
v 0.183647 -0.789374 0.691012
v 0.116120 -0.536897 0.731711
v 0.103410 -0.565170 0.734806
v 0.113873 -0.657352 0.728701
v -0.121319 -0.789374 0.712210
v -0.103089 -0.782479 0.717424
v -0.087683 -0.752995 0.724504
v -0.054240 -0.736462 0.731372
v -0.056680 -0.709153 0.733280
v -0.100457 -0.536897 0.736078
v -0.049490 -0.563094 0.741123
v -0.048014 -0.536897 0.742183
v -0.087042 -0.536897 0.737647
v 0.056680 -0.709153 0.733280
v 0.054240 -0.736462 0.731372
v 0.087683 -0.752995 0.724504
v 0.103089 -0.782479 0.717424
v 0.121319 -0.789374 0.712210
v 0.100457 -0.536897 0.736078
v 0.087042 -0.536897 0.737647
v 0.048014 -0.536897 0.742183
v 0.049490 -0.563094 0.741123
v -0.102383 -0.789374 0.715728
v 0.000000 -0.740861 0.732178
v 0.000000 -0.711476 0.734425
v 0.000000 -0.562501 0.742013
v -0.036524 -0.536897 0.742395
v 0.102383 -0.789374 0.715728
v 0.036524 -0.536897 0.742395
v 0.000000 -0.536897 0.743031
f 247 248 249
f 247 249 250
f 247 250 256
f 247 256 261
f 247 261 267
f 247 267 273
f 247 273 281
f 247 281 291
f 247 291 304
f 247 304 316
f 247 316 317
f 247 317 320
f 247 320 336
f 247 336 349
f 247 349 352
f 247 352 351
f 247 351 366
f 247 366 369
f 247 369 368
f 247 368 360
f 247 360 359
f 247 359 358
f 247 358 341
f 247 341 327
f 247 327 322
f 247 322 321
f 247 321 305
f 247 305 292
f 247 292 282
f 247 282 275
f 247 275 269
f 247 269 263
f 247 263 258
f 247 258 251
f 247 251 252
f 247 252 248
f 248 252 253
f 248 253 254
f 248 254 255
f 248 255 249
f 249 256 250
f 249 255 257
f 249 257 256
f 251 258 252
f 252 258 259
f 252 259 253
f 253 259 265
f 253 265 271
f 253 271 277
f 253 277 285
f 253 285 296
f 253 296 309
f 253 309 323
f 253 323 326
f 253 326 340
f 253 340 339
f 253 339 357
f 253 357 367
f 253 367 362
f 253 362 344
f 253 344 331
f 253 331 330
f 253 330 313
f 253 313 312
f 253 312 298
f 253 298 286
f 253 286 278
f 253 278 274
f 253 274 268
f 253 268 262
f 253 262 257
f 253 257 255
f 253 255 254
f 256 257 260
f 256 260 261
f 257 262 260
f 258 263 264
f 258 264 259
f 259 264 265
f 260 262 261
f 261 262 266
f 261 266 267
f 262 268 266
f 263 269 270
f 263 270 265
f 263 265 264
f 265 270 271
f 266 268 272
f 266 272 273
f 266 273 267
f 268 274 272
f 269 275 270
f 270 276 271
f 270 275 276
f 271 276 277
f 272 274 278
f 272 278 279
f 272 279 280
f 272 280 273
f 273 280 281
f 275 282 283
f 275 283 276
f 276 283 284
f 276 284 285
f 276 285 277
f 278 286 279
f 279 286 287
f 279 287 288
f 279 288 289
f 279 289 280
f 280 289 290
f 280 290 281
f 281 290 289
f 281 289 291
f 282 292 293
f 282 293 294
f 282 294 283
f 283 294 293
f 283 293 284
f 284 295 296
f 284 296 285
f 284 293 297
f 284 297 295
f 286 298 287
f 287 298 299
f 287 299 288
f 288 300 289
f 288 299 301
f 288 301 302
f 288 302 300
f 289 303 291
f 289 300 303
f 291 303 304
f 292 305 306
f 292 306 293
f 293 306 307
f 293 307 297
f 295 297 308
f 295 308 309
f 295 309 296
f 297 307 310
f 297 310 311
f 297 311 308
f 298 312 299
f 299 313 314
f 299 314 315
f 299 315 301
f 299 312 313
f 300 316 303
f 300 302 317
f 300 317 316
f 301 315 318
f 301 318 302
f 302 318 319
f 302 319 320
f 302 320 317
f 303 316 304
f 305 321 306
f 306 321 307
f 307 321 322
f 307 322 310
f 308 323 309
f 308 311 324
f 308 324 325
f 308 325 326
f 308 326 323
f 310 322 327
f 310 327 328
f 310 328 329
f 310 329 311
f 311 329 324
f 313 330 314
f 314 330 331
f 314 331 315
f 315 331 332
f 315 332 333
f 315 333 318
f 318 333 334
f 318 334 319
f 319 334 335
f 319 335 320
f 320 335 336
f 324 329 337
f 324 337 338
f 324 338 339
f 324 339 325
f 325 339 340
f 325 340 326
f 327 341 328
f 328 341 342
f 328 342 343
f 328 343 329
f 329 343 337
f 331 344 345
f 331 345 332
f 332 345 346
f 332 346 347
f 332 347 333
f 333 347 348
f 333 348 334
f 334 348 335
f 335 349 336
f 335 348 350
f 335 350 351
f 335 351 352
f 335 352 349
f 337 343 353
f 337 353 354
f 337 354 338
f 338 354 355
f 338 355 356
f 338 356 339
f 339 356 357
f 341 358 342
f 342 358 359
f 342 359 360
f 342 360 361
f 342 361 353
f 342 353 343
f 344 362 345
f 345 362 347
f 345 347 346
f 347 362 363
f 347 363 364
f 347 364 348
f 348 364 350
f 350 364 365
f 350 365 366
f 350 366 351
f 353 361 364
f 353 364 354
f 354 364 363
f 354 363 367
f 354 367 356
f 354 356 355
f 356 367 357
f 360 368 361
f 361 368 365
f 361 365 364
f 362 367 363
f 365 368 369
f 365 369 366
o hull_004
v 0.000000 0.939236 -0.087203
v 0.220971 0.926256 -0.085401
v 0.000000 0.933346 -0.140224
v -0.220971 0.926256 -0.085401
v 0.000000 0.916002 0.094201
v 0.220971 0.903131 0.086954
v 0.408698 0.885133 -0.096103
v 0.220971 0.920038 -0.140224
v -0.220971 0.920038 -0.140224
v -0.220971 0.903131 0.086954
v -0.408698 0.885133 -0.096103
v -0.015481 0.846301 0.243387
v 0.000000 0.847391 0.243387
v 0.015481 0.846301 0.243387
v 0.221460 0.830048 0.240759
v 0.408861 0.863753 0.058153
v 0.408861 0.879570 -0.140224
v 0.540531 0.799396 0.006409
v 0.540531 0.816522 -0.132301
v -0.408861 0.879570 -0.140224
v -0.221460 0.830048 0.240759
v -0.408861 0.863753 0.058153
v -0.524073 0.823612 -0.140224
v -0.540531 0.816522 -0.132301
v -0.540531 0.799396 0.006409
v -0.181372 0.832120 0.243387
v 0.181372 0.832120 0.243387
v 0.221623 0.827539 0.243387
v 0.361115 0.771908 0.243387
v 0.409350 0.794488 0.198327
v 0.217712 0.828084 0.243387
v 0.540368 0.737985 0.136107
v 0.532221 0.819576 -0.140224
v 0.635047 0.724459 -0.033356
v 0.709682 0.605344 0.085039
v 0.714896 0.650285 -0.033356
v 0.540531 0.815322 -0.140224
v 0.566116 0.795142 -0.140224
v 0.548842 0.808777 -0.140224
v -0.409350 0.794488 0.198327
v -0.361115 0.771908 0.243387
v -0.221623 0.827539 0.243387
v -0.217712 0.828084 0.243387
v -0.540368 0.737985 0.136107
v -0.532221 0.819576 -0.140224
v -0.540531 0.815322 -0.140224
v -0.566116 0.795142 -0.140224
v -0.635047 0.724459 -0.033356
v -0.714896 0.650285 -0.033356
v -0.709682 0.605344 0.085039
v 0.410165 0.750529 0.243387
v 0.521791 0.656503 0.243387
v 0.540694 0.640250 0.243387
v 0.696482 0.498338 0.243387
v 0.635210 0.735040 -0.140224
v 0.750421 0.429400 0.243387
v 0.771769 0.526371 0.078956
v 0.776657 0.563458 -0.030916
v 0.715222 0.659230 -0.140224
v -0.540694 0.640250 0.243387
v -0.521791 0.656503 0.243387
v -0.410165 0.750529 0.243387
v -0.696482 0.498338 0.243387
v -0.635210 0.735040 -0.140224
v -0.715222 0.659230 -0.140224
v -0.776657 0.563458 -0.030916
v -0.771769 0.526371 0.078956
v -0.750421 0.429400 0.243387
v 0.781546 0.343009 0.243387
v 0.813812 0.423291 0.028188
v 0.813486 0.453397 -0.065612
v 0.777635 0.561713 -0.140224
v 0.774539 0.570657 -0.140224
v -0.774539 0.570657 -0.140224
v -0.777635 0.561713 -0.140224
v -0.813486 0.453397 -0.065612
v -0.813812 0.423291 0.028188
v -0.781546 0.343009 0.243387
v 0.787576 0.319666 0.243387
v 0.817723 0.261090 0.041856
v 0.832389 0.340500 -0.140224
v 0.790835 0.274180 0.243387
v 0.807945 0.456560 -0.140224
v -0.807945 0.456560 -0.140224
v -0.832389 0.340500 -0.140224
v -0.817723 0.261090 0.041856
v -0.790835 0.274180 0.243387
v -0.787576 0.319666 0.243387
v 0.828478 0.287487 -0.140224
v 0.825382 0.292505 -0.049991
v 0.803383 0.224876 0.131714
v 0.786272 0.128995 0.006860
v 0.782361 0.199569 0.243387
v -0.828478 0.287487 -0.140224
v -0.825382 0.292505 -0.049991
v -0.786272 0.128995 0.006860
v -0.803383 0.224876 0.131714
v -0.782361 0.199569 0.243387
v 0.812834 0.233384 -0.140224
v 0.768672 0.102925 0.099721
v 0.720600 -0.033969 -0.140224
v 0.780731 0.194552 0.243387
v -0.812834 0.233384 -0.140224
v -0.720600 -0.033969 -0.140224
v -0.768672 0.102925 0.099721
v -0.780731 0.194552 0.243387
v 0.737873 0.098126 0.243387
v 0.732659 0.089727 0.243387
v 0.733637 0.016098 -0.022805
v 0.685890 -0.024916 0.074037
v 0.689475 -0.069965 -0.140224
v -0.689475 -0.069965 -0.140224
v -0.685890 -0.024916 0.074037
v -0.733637 0.016098 -0.022805
v -0.732659 0.089727 0.243387
v -0.737873 0.098126 0.243387
v 0.652158 -0.006372 0.243387
v 0.543954 -0.083818 0.243387
v 0.550635 -0.107161 0.115755
v 0.689312 -0.070074 -0.140224
v -0.689312 -0.070074 -0.140224
v -0.550635 -0.107161 0.115755
v -0.543954 -0.083818 0.243387
v -0.652158 -0.006372 0.243387
v 0.396803 -0.175118 0.243387
v 0.424342 -0.175118 0.155858
v 0.458890 -0.175118 -0.036135
v 0.628366 -0.097672 -0.140224
v -0.458890 -0.175118 -0.036135
v -0.424342 -0.175118 0.155858
v -0.628366 -0.097672 -0.140224
v -0.396803 -0.175118 0.243387
v 0.441127 -0.175118 -0.140224
v -0.451556 -0.175118 -0.079355
v -0.441127 -0.175118 -0.140224
v -0.441942 -0.175118 -0.135943
f 370 371 372
f 370 372 373
f 370 373 374
f 370 374 371
f 371 374 375
f 371 375 376
f 371 376 377
f 371 377 372
f 372 378 373
f 372 377 386
f 372 386 402
f 372 402 406
f 372 406 408
f 372 408 407
f 372 407 424
f 372 424 428
f 372 428 442
f 372 442 441
f 372 441 452
f 372 452 450
f 372 450 458
f 372 458 468
f 372 468 470
f 372 470 480
f 372 480 489
f 372 489 497
f 372 497 502
f 372 502 504
f 372 504 500
f 372 500 490
f 372 490 481
f 372 481 473
f 372 473 472
f 372 472 463
f 372 463 454
f 372 454 453
f 372 453 444
f 372 444 443
f 372 443 434
f 372 434 433
f 372 433 416
f 372 416 415
f 372 415 414
f 372 414 392
f 372 392 389
f 372 389 378
f 373 379 374
f 373 378 380
f 373 380 379
f 374 379 381
f 374 381 382
f 374 382 383
f 374 383 375
f 375 383 384
f 375 384 385
f 375 385 376
f 376 386 377
f 376 385 387
f 376 387 388
f 376 388 386
f 378 389 380
f 379 390 381
f 379 380 391
f 379 391 390
f 380 389 392
f 380 392 393
f 380 393 394
f 380 394 391
f 381 390 395
f 381 395 412
f 381 412 411
f 381 411 410
f 381 410 431
f 381 431 430
f 381 430 429
f 381 429 432
f 381 432 437
f 381 437 447
f 381 447 457
f 381 457 456
f 381 456 467
f 381 467 475
f 381 475 485
f 381 485 484
f 381 484 493
f 381 493 492
f 381 492 501
f 381 501 494
f 381 494 487
f 381 487 486
f 381 486 477
f 381 477 476
f 381 476 471
f 381 471 462
f 381 462 451
f 381 451 448
f 381 448 438
f 381 438 425
f 381 425 423
f 381 423 422
f 381 422 421
f 381 421 420
f 381 420 398
f 381 398 397
f 381 397 400
f 381 400 396
f 381 396 383
f 381 383 382
f 383 396 384
f 384 397 398
f 384 398 399
f 384 399 385
f 384 396 400
f 384 400 397
f 385 399 401
f 385 401 387
f 386 388 402
f 387 403 388
f 387 401 404
f 387 404 405
f 387 405 403
f 388 406 402
f 388 403 407
f 388 407 408
f 388 408 406
f 390 391 409
f 390 409 410
f 390 410 411
f 390 411 412
f 390 412 395
f 391 394 413
f 391 413 409
f 392 414 393
f 393 414 415
f 393 415 416
f 393 416 417
f 393 417 394
f 394 417 418
f 394 418 419
f 394 419 413
f 398 420 399
f 399 420 421
f 399 421 422
f 399 422 401
f 401 422 423
f 401 423 404
f 403 424 407
f 403 405 424
f 404 423 425
f 404 425 426
f 404 426 405
f 405 426 427
f 405 427 428
f 405 428 424
f 409 413 429
f 409 429 430
f 409 430 431
f 409 431 410
f 413 419 432
f 413 432 429
f 416 433 417
f 417 433 418
f 418 434 435
f 418 435 436
f 418 436 419
f 418 433 434
f 419 436 437
f 419 437 432
f 425 438 426
f 426 438 439
f 426 439 427
f 427 439 440
f 427 440 441
f 427 441 442
f 427 442 428
f 434 443 435
f 435 443 444
f 435 444 445
f 435 445 446
f 435 446 436
f 436 446 447
f 436 447 437
f 438 448 439
f 439 449 450
f 439 450 440
f 439 448 451
f 439 451 449
f 440 450 452
f 440 452 441
f 444 453 445
f 445 454 446
f 445 453 454
f 446 454 455
f 446 455 456
f 446 456 457
f 446 457 447
f 449 458 459
f 449 459 450
f 449 451 460
f 449 460 461
f 449 461 458
f 450 459 458
f 451 462 460
f 454 463 464
f 454 464 455
f 455 464 463
f 455 463 465
f 455 465 466
f 455 466 456
f 456 466 467
f 458 461 468
f 460 462 469
f 460 469 461
f 461 469 470
f 461 470 468
f 462 471 469
f 463 472 465
f 465 473 474
f 465 474 466
f 465 472 473
f 466 474 467
f 467 474 475
f 469 476 477
f 469 477 478
f 469 478 470
f 469 471 476
f 470 478 479
f 470 479 480
f 473 481 482
f 473 482 483
f 473 483 474
f 474 483 484
f 474 484 485
f 474 485 475
f 477 479 478
f 477 486 479
f 479 486 487
f 479 487 480
f 480 487 488
f 480 488 489
f 481 490 491
f 481 491 492
f 481 492 482
f 482 484 483
f 482 492 493
f 482 493 484
f 487 494 488
f 488 494 495
f 488 495 489
f 489 495 496
f 489 496 497
f 490 498 499
f 490 499 491
f 490 500 498
f 491 499 501
f 491 501 492
f 494 501 499
f 494 499 498
f 494 498 503
f 494 503 505
f 494 505 504
f 494 504 502
f 494 502 496
f 494 496 495
f 496 502 497
f 498 500 503
f 500 504 505
f 500 505 503
o hull_005
v -0.441143 -0.175118 -0.140224
v -0.399177 -0.206651 -0.140224
v -0.441952 -0.175118 -0.135943
v 0.441143 -0.175118 -0.140224
v -0.348853 -0.243519 -0.140224
v -0.459026 -0.175118 -0.036135
v 0.441862 -0.175118 -0.136093
v 0.399177 -0.206651 -0.140224
v -0.300955 -0.278394 -0.140224
v -0.424429 -0.175118 0.155858
v -0.238949 -0.332278 -0.052807
v -0.170922 -0.399809 0.243387
v 0.459026 -0.175118 -0.036135
v 0.348853 -0.243519 -0.140224
v -0.251170 -0.311162 -0.140224
v -0.396930 -0.175118 0.243387
v -0.211361 -0.361452 0.243387
v -0.125181 -0.378609 -0.068653
v -0.090224 -0.447460 0.243387
v -0.117992 -0.433055 0.243387
v 0.300955 -0.278394 -0.140224
v 0.424429 -0.175118 0.155858
v 0.170922 -0.399809 0.243387
v 0.238949 -0.332278 -0.052807
v -0.131022 -0.360722 -0.140224
v 0.396930 -0.175118 0.243387
v 0.000000 -0.395176 -0.075976
v 0.000000 -0.461977 0.243387
v -0.043494 -0.455013 0.243387
v 0.251170 -0.311162 -0.140224
v 0.211361 -0.361452 0.243387
v 0.117992 -0.433055 0.243387
v 0.090224 -0.447460 0.243387
v 0.125181 -0.378609 -0.068653
v 0.000000 -0.379339 -0.140224
v 0.131022 -0.360722 -0.140224
v 0.043494 -0.455013 0.243387
f 506 507 508
f 506 508 511
f 506 511 515
f 506 515 521
f 506 521 531
f 506 531 527
f 506 527 518
f 506 518 512
f 506 512 509
f 506 509 513
f 506 513 519
f 506 519 526
f 506 526 535
f 506 535 541
f 506 541 540
f 506 540 530
f 506 530 520
f 506 520 514
f 506 514 510
f 506 510 507
f 507 510 511
f 507 511 508
f 509 512 513
f 510 514 511
f 511 514 516
f 511 516 517
f 511 517 515
f 512 518 513
f 513 518 519
f 514 520 516
f 515 517 522
f 515 522 521
f 516 520 523
f 516 523 524
f 516 524 525
f 516 525 517
f 517 525 524
f 517 524 534
f 517 534 533
f 517 533 542
f 517 542 538
f 517 538 537
f 517 537 528
f 517 528 536
f 517 536 531
f 517 531 521
f 517 521 522
f 518 526 519
f 518 527 528
f 518 528 529
f 518 529 526
f 520 530 523
f 523 530 532
f 523 532 533
f 523 533 534
f 523 534 524
f 526 529 535
f 527 531 536
f 527 536 528
f 528 537 529
f 529 537 538
f 529 538 539
f 529 539 535
f 530 540 532
f 532 540 541
f 532 541 539
f 532 539 533
f 533 539 542
f 535 539 541
f 538 542 539
o hull_006
v 0.536303 -0.126813 -0.140229
v 0.251143 -0.311125 -0.140229
v 0.529899 -0.126813 -0.188304
v -0.536303 -0.126813 -0.140229
v 0.130926 -0.360713 -0.140229
v 0.258807 -0.297801 -0.195302
v 0.525174 -0.126813 -0.195302
v -0.529899 -0.126813 -0.188304
v -0.251143 -0.311125 -0.140229
v 0.135546 -0.346944 -0.195302
v 0.000000 -0.379352 -0.140229
v -0.525174 -0.126813 -0.195302
v -0.258807 -0.297801 -0.195302
v -0.130926 -0.360713 -0.140229
v 0.000000 -0.365756 -0.195302
v -0.135546 -0.346944 -0.195302
f 543 544 545
f 543 545 549
f 543 549 554
f 543 554 550
f 543 550 546
f 543 546 551
f 543 551 556
f 543 556 553
f 543 553 547
f 543 547 544
f 544 547 548
f 544 548 545
f 545 548 549
f 546 550 551
f 547 552 548
f 547 553 552
f 548 552 557
f 548 557 558
f 548 558 555
f 548 555 554
f 548 554 549
f 550 554 555
f 550 555 551
f 551 555 556
f 552 553 557
f 553 556 558
f 553 558 557
f 555 558 556
o hull_007
v -0.631064 0.003956 0.519548
v -0.621920 -0.004201 0.519548
v -0.631188 0.003956 0.519956
v 0.631064 0.003956 0.519548
v -0.615248 -0.008560 0.519548
v -0.622167 -0.004146 0.522375
v -0.619078 0.003956 0.539862
v 0.631188 0.003956 0.519956
v 0.621920 -0.004201 0.519548
v -0.526525 -0.064818 0.519548
v -0.526649 -0.064491 0.537938
v -0.596712 0.003956 0.567433
v 0.619078 0.003956 0.539862
v 0.622167 -0.004146 0.522375
v 0.615248 -0.008560 0.519548
v -0.477222 -0.087434 0.519548
v -0.517505 -0.038896 0.591244
v -0.424828 -0.110595 0.519548
v -0.423099 -0.109360 0.550587
v -0.105404 -0.181603 0.802544
v -0.587074 0.003956 0.578887
v 0.596712 0.003956 0.567433
v 0.526649 -0.064491 0.537938
v 0.526525 -0.064818 0.519548
v -0.244048 -0.181603 0.519548
v -0.242565 -0.181603 0.526980
v -0.229343 -0.181603 0.580519
v -0.216863 -0.181603 0.608964
v -0.192273 -0.181603 0.659589
v -0.153472 -0.181603 0.725194
v -0.089340 -0.181603 0.812658
v -0.509720 0.003956 0.634961
v 0.587074 0.003956 0.578887
v 0.517505 -0.038896 0.591244
v 0.423099 -0.109360 0.550587
v 0.424828 -0.110595 0.519548
v 0.477222 -0.087434 0.519548
v 0.105404 -0.181603 0.802544
v 0.244048 -0.181603 0.519548
v -0.186094 0.003956 0.755621
v -0.280500 0.003956 0.729099
v -0.376637 0.003956 0.696486
v -0.400733 0.003956 0.687305
v -0.489578 0.003956 0.645803
v -0.062526 -0.181603 0.817292
v 0.509720 0.003956 0.634961
v 0.153472 -0.181603 0.725194
v 0.192273 -0.181603 0.659589
v 0.216863 -0.181603 0.608964
v 0.229343 -0.181603 0.580519
v 0.242565 -0.181603 0.526980
v 0.089340 -0.181603 0.812658
v -0.180904 0.003956 0.755854
v -0.098978 0.003956 0.758331
v 0.062526 -0.181603 0.817292
v 0.489578 0.003956 0.645803
v 0.400733 0.003956 0.687305
v 0.376637 0.003956 0.696486
v 0.280500 0.003956 0.729099
v 0.186094 0.003956 0.755621
v 0.098978 0.003956 0.758331
v 0.180904 0.003956 0.755854
f 559 560 561
f 559 561 565
f 559 565 570
f 559 570 579
f 559 579 590
f 559 590 602
f 559 602 601
f 559 601 600
f 559 600 599
f 559 599 598
f 559 598 611
f 559 611 612
f 559 612 619
f 559 619 620
f 559 620 618
f 559 618 617
f 559 617 616
f 559 616 615
f 559 615 614
f 559 614 604
f 559 604 591
f 559 591 580
f 559 580 571
f 559 571 566
f 559 566 562
f 559 562 567
f 559 567 573
f 559 573 582
f 559 582 595
f 559 595 594
f 559 594 597
f 559 597 583
f 559 583 576
f 559 576 574
f 559 574 568
f 559 568 563
f 559 563 560
f 560 563 564
f 560 564 561
f 561 564 565
f 562 566 567
f 563 568 564
f 564 568 569
f 564 569 570
f 564 570 565
f 566 571 572
f 566 572 567
f 567 572 573
f 568 574 569
f 569 575 570
f 569 574 576
f 569 576 577
f 569 577 578
f 569 578 575
f 570 575 579
f 571 580 572
f 572 580 581
f 572 581 582
f 572 582 573
f 575 578 579
f 576 583 577
f 577 583 584
f 577 584 585
f 577 585 586
f 577 586 587
f 577 587 588
f 577 588 578
f 578 588 587
f 578 587 586
f 578 586 585
f 578 585 584
f 578 584 583
f 578 583 597
f 578 597 609
f 578 609 608
f 578 608 607
f 578 607 606
f 578 606 605
f 578 605 596
f 578 596 610
f 578 610 613
f 578 613 603
f 578 603 589
f 578 589 590
f 578 590 579
f 580 591 592
f 580 592 581
f 581 593 594
f 581 594 595
f 581 595 582
f 581 592 596
f 581 596 593
f 589 598 599
f 589 599 600
f 589 600 601
f 589 601 602
f 589 602 590
f 589 603 598
f 591 604 596
f 591 596 592
f 593 597 594
f 593 596 605
f 593 605 606
f 593 606 607
f 593 607 608
f 593 608 609
f 593 609 597
f 596 604 610
f 598 603 611
f 603 612 611
f 603 613 619
f 603 619 612
f 604 614 610
f 610 614 615
f 610 615 616
f 610 616 617
f 610 617 618
f 610 618 613
f 613 618 620
f 613 620 619
o hull_008
v -0.311298 -0.203700 0.382840
v -0.299658 -0.219657 0.382840
v -0.246271 -0.276429 0.470829
v -0.228781 -0.276438 0.563276
v -0.228598 -0.276438 0.564005
v -0.228354 -0.276438 0.564905
v -0.206293 -0.276438 0.633083
v -0.229329 -0.181608 0.580556
v -0.242615 -0.181608 0.526957
v -0.244077 -0.181608 0.519582
v 0.311298 -0.203700 0.382840
v -0.254803 -0.276429 0.382840
v -0.234326 -0.276438 0.519582
v -0.216836 -0.181608 0.608899
v -0.204769 -0.276438 0.636299
v 0.244077 -0.181608 0.519582
v 0.242615 -0.181608 0.526957
v 0.229329 -0.181608 0.580556
v 0.206293 -0.276438 0.633083
v 0.228354 -0.276438 0.564905
v 0.228598 -0.276438 0.564005
v 0.228781 -0.276438 0.563276
v 0.246271 -0.276429 0.470829
v 0.299658 -0.219657 0.382840
v 0.254803 -0.276429 0.382840
v 0.234326 -0.276438 0.519582
v -0.192215 -0.181608 0.659540
v -0.174297 -0.276438 0.690541
v 0.216836 -0.181608 0.608899
v 0.204769 -0.276438 0.636299
v -0.109820 -0.218645 0.805672
v -0.153455 -0.181608 0.725188
v -0.173200 -0.276438 0.692171
v 0.192215 -0.181608 0.659540
v 0.174297 -0.276438 0.690541
v -0.107626 -0.186137 0.803314
v -0.099337 -0.243606 0.801513
v -0.089343 -0.217030 0.816606
v -0.090683 -0.187966 0.814333
v -0.105432 -0.181608 0.802542
v -0.146081 -0.276438 0.721329
v 0.109820 -0.218645 0.805672
v 0.153455 -0.181608 0.725188
v 0.173200 -0.276438 0.692171
v -0.089465 -0.181608 0.812661
v -0.081115 -0.271908 0.781231
v -0.076606 -0.263294 0.795424
v -0.068622 -0.256499 0.804343
v -0.080506 -0.240608 0.811418
v -0.045464 -0.241276 0.815062
v -0.052716 -0.212741 0.820894
v -0.061979 -0.183882 0.818064
v -0.065087 -0.181608 0.816863
v -0.075691 -0.276438 0.778487
v 0.089343 -0.217030 0.816606
v 0.099337 -0.243606 0.801513
v 0.107626 -0.186137 0.803314
v 0.090683 -0.187966 0.814333
v 0.105432 -0.181608 0.802542
v 0.146081 -0.276438 0.721329
v -0.072827 -0.276438 0.780716
v -0.061796 -0.276438 0.787963
v -0.050644 -0.276438 0.793537
v -0.046743 -0.276438 0.794995
v -0.041624 -0.276438 0.796110
v -0.040954 -0.264538 0.804600
v 0.000000 -0.269950 0.804643
v 0.000000 -0.241926 0.815577
v 0.052716 -0.212741 0.820894
v 0.000000 -0.201249 0.820294
v -0.062528 -0.181608 0.817249
v 0.061979 -0.183882 0.818064
v 0.045464 -0.241276 0.815062
v 0.080506 -0.240608 0.811418
v 0.068622 -0.256499 0.804343
v 0.076606 -0.263294 0.795424
v 0.081115 -0.271908 0.781231
v 0.089465 -0.181608 0.812661
v 0.065087 -0.181608 0.816863
v 0.075691 -0.276438 0.778487
v -0.021208 -0.276438 0.798811
v 0.000000 -0.276438 0.800612
v 0.040954 -0.264538 0.804600
v 0.062528 -0.181608 0.817249
v 0.041624 -0.276438 0.796110
v 0.046743 -0.276438 0.794995
v 0.050644 -0.276438 0.793537
v 0.061796 -0.276438 0.787963
v 0.072827 -0.276438 0.780716
v 0.021208 -0.276438 0.798811
f 621 622 623
f 621 623 624
f 621 624 625
f 621 625 626
f 621 626 627
f 621 627 628
f 621 628 629
f 621 629 630
f 621 630 636
f 621 636 631
f 621 631 644
f 621 644 645
f 621 645 632
f 621 632 622
f 622 632 623
f 623 632 633
f 623 633 624
f 624 633 646
f 624 646 642
f 624 642 641
f 624 641 640
f 624 640 639
f 624 639 650
f 624 650 655
f 624 655 664
f 624 664 680
f 624 680 700
f 624 700 709
f 624 709 708
f 624 708 707
f 624 707 706
f 624 706 705
f 624 705 710
f 624 710 702
f 624 702 701
f 624 701 685
f 624 685 684
f 624 684 683
f 624 683 682
f 624 682 681
f 624 681 674
f 624 674 661
f 624 661 653
f 624 653 648
f 624 648 635
f 624 635 627
f 624 627 626
f 624 626 625
f 627 634 628
f 627 635 634
f 628 634 647
f 628 647 652
f 628 652 660
f 628 660 665
f 628 665 673
f 628 673 691
f 628 691 704
f 628 704 699
f 628 699 698
f 628 698 679
f 628 679 663
f 628 663 654
f 628 654 649
f 628 649 638
f 628 638 637
f 628 637 636
f 628 636 630
f 628 630 629
f 631 636 637
f 631 637 638
f 631 638 639
f 631 639 640
f 631 640 641
f 631 641 642
f 631 642 643
f 631 643 644
f 632 645 646
f 632 646 633
f 634 635 647
f 635 648 647
f 638 649 639
f 639 649 650
f 642 646 643
f 643 645 644
f 643 646 645
f 647 648 651
f 647 651 652
f 648 653 651
f 649 654 650
f 650 654 655
f 651 656 652
f 651 653 657
f 651 657 658
f 651 658 659
f 651 659 656
f 652 656 660
f 653 661 657
f 654 662 655
f 654 663 662
f 655 662 664
f 656 659 665
f 656 665 660
f 657 666 667
f 657 667 668
f 657 668 669
f 657 669 658
f 657 661 666
f 658 669 670
f 658 670 671
f 658 671 672
f 658 672 659
f 659 672 673
f 659 673 665
f 661 674 666
f 662 675 676
f 662 676 664
f 662 663 677
f 662 677 678
f 662 678 675
f 663 679 677
f 664 676 680
f 666 674 681
f 666 681 682
f 666 682 667
f 667 682 683
f 667 683 684
f 667 684 668
f 668 684 685
f 668 685 686
f 668 686 669
f 669 686 670
f 670 686 687
f 670 687 688
f 670 688 671
f 671 688 689
f 671 689 690
f 671 690 672
f 672 691 673
f 672 690 692
f 672 692 704
f 672 704 691
f 675 678 692
f 675 692 689
f 675 689 693
f 675 693 694
f 675 694 676
f 676 694 695
f 676 695 696
f 676 696 697
f 676 697 680
f 677 679 698
f 677 698 678
f 678 698 699
f 678 699 692
f 680 697 700
f 685 701 686
f 686 701 702
f 686 702 687
f 687 702 703
f 687 703 693
f 687 693 688
f 688 693 689
f 689 692 690
f 692 699 704
f 693 703 694
f 694 703 695
f 695 703 705
f 695 705 706
f 695 706 696
f 696 706 707
f 696 707 708
f 696 708 697
f 697 708 709
f 697 709 700
f 702 710 703
f 703 710 705
o hull_009
v -0.000053 -0.880957 0.686548
v -0.102392 -0.789374 0.715719
v -0.098905 -0.821143 0.707985
v -0.081117 -0.850784 0.698725
v -0.055871 -0.869310 0.691500
v -0.028301 -0.878528 0.687634
v -0.000053 -0.894076 0.680985
v -0.000053 -0.789409 0.661855
v -0.121374 -0.789374 0.712225
v -0.129671 -0.792512 0.709884
v -0.000053 -0.789374 0.661584
v -0.123505 -0.835520 0.699404
v -0.103231 -0.865161 0.691161
v -0.073369 -0.882588 0.685327
v -0.037986 -0.891505 0.682003
v -0.000053 -0.914534 0.662567
v -0.128606 -0.789374 0.710699
v -0.183649 -0.789374 0.691025
v -0.181422 -0.822330 0.683156
v -0.000053 -0.789374 0.369234
v -0.168573 -0.863264 0.672811
v -0.143166 -0.889112 0.666468
v -0.105071 -0.903454 0.663551
v -0.055645 -0.911697 0.662635
v -0.000053 -0.937935 0.635364
v -0.210218 -0.789374 0.678170
v -0.250185 -0.810984 0.652968
v -0.241533 -0.858726 0.641130
v -0.000053 -0.873103 0.404408
v -0.076242 -0.865108 0.404239
v -0.152883 -0.847451 0.402712
v -0.227200 -0.830698 0.401831
v -0.072077 -0.789374 0.375747
v -0.221324 -0.894732 0.632345
v -0.187523 -0.915704 0.629598
v -0.138259 -0.927068 0.631056
v -0.073433 -0.934779 0.633872
v -0.000053 -0.958269 0.602768
v -0.249863 -0.789374 0.657344
v -0.303453 -0.836796 0.597883
v -0.292541 -0.885690 0.587504
v -0.000053 -0.938750 0.455694
v -0.081310 -0.932262 0.452234
v -0.162116 -0.917743 0.443144
v -0.237014 -0.901202 0.433375
v -0.281888 -0.885407 0.433952
v -0.285859 -0.831106 0.417671
v -0.221453 -0.789374 0.394504
v -0.266004 -0.917831 0.582857
v -0.221259 -0.936286 0.585571
v -0.159436 -0.946994 0.592558
v -0.083473 -0.954883 0.599613
v -0.000053 -0.970466 0.562031
v -0.302581 -0.789374 0.606940
v -0.329861 -0.832471 0.532555
v -0.321564 -0.888562 0.525975
v -0.293607 -0.924462 0.526721
v -0.000053 -0.968144 0.511016
v -0.085184 -0.963109 0.506200
v -0.168250 -0.951674 0.494396
v -0.244245 -0.936712 0.480421
v -0.297674 -0.910120 0.469771
v -0.319111 -0.860924 0.463224
v -0.317529 -0.789374 0.462817
v -0.281210 -0.789374 0.414109
v -0.240339 -0.945203 0.535133
v -0.168379 -0.957454 0.547072
v -0.086508 -0.966566 0.557587
v -0.327859 -0.789374 0.538932
v -0.318691 -0.789374 0.465802
v -0.318400 -0.789374 0.464038
f 711 712 713
f 711 713 714
f 711 714 715
f 711 715 716
f 711 716 717
f 711 717 726
f 711 726 735
f 711 735 748
f 711 748 763
f 711 763 768
f 711 768 752
f 711 752 739
f 711 739 730
f 711 730 721
f 711 721 718
f 711 718 712
f 712 719 720
f 712 720 713
f 712 718 721
f 712 721 730
f 712 730 743
f 712 743 758
f 712 758 775
f 712 775 774
f 712 774 781
f 712 781 780
f 712 780 779
f 712 779 764
f 712 764 749
f 712 749 736
f 712 736 728
f 712 728 727
f 712 727 719
f 713 720 722
f 713 722 723
f 713 723 714
f 714 723 724
f 714 724 715
f 715 724 725
f 715 725 716
f 716 725 717
f 717 725 726
f 719 727 720
f 720 727 728
f 720 728 729
f 720 729 722
f 722 729 731
f 722 731 723
f 723 731 732
f 723 732 724
f 724 732 733
f 724 733 734
f 724 734 725
f 725 734 726
f 726 734 735
f 728 736 737
f 728 737 729
f 729 737 738
f 729 738 731
f 730 739 740
f 730 740 741
f 730 741 742
f 730 742 743
f 731 738 744
f 731 744 732
f 732 744 745
f 732 745 733
f 733 745 746
f 733 746 747
f 733 747 734
f 734 747 735
f 735 747 748
f 736 749 737
f 737 749 750
f 737 750 751
f 737 751 738
f 738 751 744
f 739 752 753
f 739 753 754
f 739 754 755
f 739 755 740
f 740 755 741
f 741 755 742
f 742 755 756
f 742 756 757
f 742 757 758
f 742 758 743
f 744 751 759
f 744 759 745
f 745 759 760
f 745 760 746
f 746 760 761
f 746 761 762
f 746 762 747
f 747 762 748
f 748 762 763
f 749 764 750
f 750 764 765
f 750 765 766
f 750 766 751
f 751 766 767
f 751 767 759
f 752 768 769
f 752 769 753
f 753 769 770
f 753 770 771
f 753 771 754
f 754 771 755
f 755 771 772
f 755 772 756
f 756 772 773
f 756 773 757
f 757 773 774
f 757 774 775
f 757 775 758
f 759 767 776
f 759 776 760
f 760 776 777
f 760 777 761
f 761 777 778
f 761 778 762
f 762 778 763
f 763 778 768
f 764 779 765
f 765 779 780
f 765 780 773
f 765 773 766
f 766 773 772
f 766 772 767
f 767 772 771
f 767 771 776
f 768 778 769
f 769 778 777
f 769 777 770
f 770 777 776
f 770 776 771
f 773 780 781
f 773 781 774
o hull_010
v -0.000000 0.933409 -0.140224
v -0.000000 0.927330 -0.195302
v -0.220929 0.920071 -0.140224
v 0.220929 0.920071 -0.140224
v -0.220929 0.913811 -0.195302
v 0.220929 0.913811 -0.195302
v -0.408834 0.879603 -0.140224
v 0.408834 0.879603 -0.140224
v -0.408834 0.872707 -0.195302
v 0.408834 0.872707 -0.195302
v -0.532178 0.819627 -0.140224
v 0.532178 0.819627 -0.140224
v -0.473561 0.841222 -0.195302
v 0.473561 0.841222 -0.195302
v -0.540599 0.815363 -0.140224
v 0.540599 0.815363 -0.140224
v -0.540599 0.807015 -0.195302
v 0.540599 0.807015 -0.195302
v -0.566028 0.795129 -0.140224
v -0.635377 0.737149 -0.161678
v 0.566027 0.795129 -0.140224
v 0.635377 0.737149 -0.161678
v -0.606482 0.754752 -0.195302
v 0.606481 0.754752 -0.195302
v -0.635212 0.735062 -0.140224
v -0.635212 0.731070 -0.195302
v -0.715295 0.660568 -0.155736
v -0.715130 0.659298 -0.140224
v 0.635212 0.735062 -0.140224
v 0.635212 0.731070 -0.195302
v 0.715129 0.659298 -0.140224
v 0.715294 0.660568 -0.155736
v -0.714800 0.653037 -0.195302
v -0.774407 0.571103 -0.146705
v -0.774573 0.570740 -0.140224
v 0.714799 0.653037 -0.195302
v 0.774572 0.570740 -0.140224
v 0.774407 0.571103 -0.146705
v -0.771931 0.562756 -0.195302
v -0.805780 0.457866 -0.169038
v -0.777545 0.561758 -0.140224
v 0.771930 0.562756 -0.195302
v 0.777544 0.561758 -0.140224
v 0.805780 0.457866 -0.169038
v -0.842106 0.317044 -0.195302
v -0.807927 0.456686 -0.140224
v 0.842106 0.317044 -0.195302
v 0.807926 0.456686 -0.140224
v -0.843427 0.287011 -0.195302
v -0.832364 0.340454 -0.140224
v 0.832364 0.340454 -0.140224
v 0.843427 0.287011 -0.195302
v -0.749805 0.006458 -0.195302
v -0.812880 0.233840 -0.140224
v -0.828566 0.287465 -0.140224
v 0.828566 0.287465 -0.140224
v 0.812715 0.233387 -0.140224
v 0.749804 0.006458 -0.195302
v -0.725202 0.006458 -0.140520
v -0.771766 0.126682 -0.140224
v -0.812715 0.233387 -0.140224
v 0.771765 0.126682 -0.140224
v 0.725202 0.006458 -0.140520
v -0.725037 0.006458 -0.140224
v 0.725036 0.006458 -0.140224
f 782 783 784
f 782 784 788
f 782 788 792
f 782 792 796
f 782 796 800
f 782 800 806
f 782 806 809
f 782 809 816
f 782 816 822
f 782 822 827
f 782 827 831
f 782 831 836
f 782 836 835
f 782 835 842
f 782 842 841
f 782 841 845
f 782 845 846
f 782 846 843
f 782 843 838
f 782 838 837
f 782 837 832
f 782 832 829
f 782 829 824
f 782 824 818
f 782 818 812
f 782 812 810
f 782 810 802
f 782 802 797
f 782 797 793
f 782 793 789
f 782 789 785
f 782 785 783
f 783 786 784
f 783 785 787
f 783 787 791
f 783 791 795
f 783 795 799
f 783 799 805
f 783 805 811
f 783 811 817
f 783 817 823
f 783 823 828
f 783 828 833
f 783 833 839
f 783 839 834
f 783 834 830
f 783 830 826
f 783 826 820
f 783 820 814
f 783 814 807
f 783 807 804
f 783 804 798
f 783 798 794
f 783 794 790
f 783 790 786
f 784 786 788
f 785 789 787
f 786 790 788
f 787 789 791
f 788 790 792
f 789 793 791
f 790 794 792
f 791 793 795
f 792 794 796
f 793 797 795
f 794 798 796
f 795 797 799
f 796 798 801
f 796 801 800
f 797 802 803
f 797 803 799
f 798 804 801
f 799 803 805
f 800 801 806
f 801 804 807
f 801 807 808
f 801 808 809
f 801 809 806
f 802 810 803
f 803 811 805
f 803 810 812
f 803 812 813
f 803 813 811
f 807 814 808
f 808 814 815
f 808 815 816
f 808 816 809
f 811 813 817
f 812 818 813
f 813 818 819
f 813 819 817
f 814 820 815
f 815 821 822
f 815 822 816
f 815 820 821
f 817 819 823
f 818 824 819
f 819 824 825
f 819 825 823
f 820 826 821
f 821 826 827
f 821 827 822
f 823 825 828
f 824 829 825
f 825 829 828
f 826 830 831
f 826 831 827
f 828 829 832
f 828 832 833
f 830 834 835
f 830 835 836
f 830 836 831
f 832 837 833
f 833 837 838
f 833 838 839
f 834 840 841
f 834 841 842
f 834 842 835
f 834 839 844
f 834 844 846
f 834 846 845
f 834 845 840
f 838 843 839
f 839 843 844
f 840 845 841
f 843 846 844
o hull_011
v -0.566068 -0.112743 -0.195308
v -0.566068 -0.072871 -0.320676
v -0.265989 -0.285270 -0.246779
v -0.258816 -0.297801 -0.195308
v -0.566068 0.786850 -0.195308
v -0.566068 0.024594 -0.450038
v -0.394020 -0.075023 -0.510354
v -0.299573 -0.128439 -0.533122
v -0.287943 -0.213753 -0.410037
v -0.142088 -0.326914 -0.275139
v -0.135567 -0.346913 -0.195308
v -0.540527 0.806976 -0.195308
v -0.566068 0.779635 -0.242670
v -0.380652 -0.019075 -0.579572
v -0.566068 0.098516 -0.499969
v -0.162847 -0.158691 -0.576319
v -0.155348 -0.252359 -0.447185
v -0.302616 -0.036290 -0.614095
v -0.000037 -0.342357 -0.289976
v -0.000037 -0.365774 -0.195308
v -0.473577 0.841152 -0.195308
v -0.408801 0.865075 -0.256137
v -0.540418 0.795204 -0.272514
v -0.566068 0.773306 -0.276965
v -0.417822 0.069656 -0.600799
v -0.566068 0.175982 -0.542366
v -0.165781 -0.047809 -0.666251
v -0.000037 -0.168818 -0.601085
v -0.000037 -0.266030 -0.467842
v -0.320440 0.085605 -0.660716
v 0.155382 -0.252359 -0.447185
v 0.142123 -0.326914 -0.275139
v 0.135493 -0.346913 -0.195308
v -0.408801 0.872670 -0.195308
v -0.221537 0.826596 -0.449924
v -0.409018 0.785584 -0.413860
v -0.220993 0.905454 -0.269205
v -0.539331 0.717738 -0.406442
v -0.566068 0.716725 -0.373688
v -0.549222 0.181298 -0.556062
v -0.468469 0.215981 -0.618888
v -0.566068 0.197501 -0.547046
v -0.000037 -0.051479 -0.694725
v -0.174259 0.095605 -0.722686
v 0.162882 -0.158691 -0.576319
v 0.165816 -0.047809 -0.666251
v -0.357067 0.250663 -0.681943
v 0.299607 -0.128439 -0.533122
v 0.287978 -0.213753 -0.410037
v 0.266024 -0.285270 -0.246779
v 0.258850 -0.297801 -0.195308
v -0.220993 0.913808 -0.195308
v -0.000037 0.839760 -0.474404
v -0.000037 0.696473 -0.637833
v -0.221319 0.679132 -0.608560
v -0.407279 0.633943 -0.556803
v -0.000037 0.917605 -0.283128
v -0.566068 0.695587 -0.405814
v -0.534006 0.571793 -0.523364
v -0.566068 0.236487 -0.553437
v -0.566068 0.360787 -0.567874
v -0.512921 0.391039 -0.600000
v -0.000037 0.100288 -0.753900
v 0.174294 0.095605 -0.722686
v -0.194040 0.281422 -0.746710
v 0.302542 -0.036290 -0.614095
v 0.320366 0.085605 -0.660716
v -0.392281 0.442177 -0.654268
v 0.380578 -0.019075 -0.579572
v 0.393946 -0.075023 -0.510354
v 0.544257 -0.072998 -0.330605
v 0.544257 -0.119705 -0.195308
v -0.000037 0.927352 -0.195308
v 0.221463 0.826596 -0.449924
v 0.221028 0.905454 -0.269205
v 0.221245 0.679132 -0.608560
v -0.000037 0.505972 -0.745626
v -0.213494 0.486606 -0.714983
v 0.221028 0.913808 -0.195308
v -0.566068 0.594197 -0.484561
v -0.566068 0.548503 -0.513036
v -0.566068 0.446480 -0.549385
v -0.000037 0.295472 -0.778266
v 0.193966 0.281422 -0.746710
v 0.357102 0.250663 -0.681943
v 0.417748 0.069656 -0.600799
v 0.468504 0.215981 -0.618888
v 0.544257 0.078010 -0.502822
v 0.544257 0.023202 -0.465788
v 0.544257 0.804064 -0.195308
v 0.408836 0.865075 -0.256137
v 0.409053 0.785584 -0.413860
v 0.408836 0.872670 -0.195308
v 0.407205 0.633943 -0.556803
v 0.213529 0.486606 -0.714983
v 0.392316 0.442177 -0.654268
v 0.512956 0.391039 -0.600000
v 0.544257 0.183450 -0.559999
v 0.544257 0.169274 -0.552695
v 0.544257 0.373191 -0.581112
v 0.544257 0.792926 -0.268178
v 0.540562 0.806976 -0.195308
v 0.473612 0.841152 -0.195308
v 0.540453 0.795204 -0.272514
v 0.539258 0.717738 -0.406442
v 0.534041 0.571793 -0.523364
v 0.544257 0.564325 -0.520055
v 0.544257 0.423696 -0.570213
v 0.544257 0.792040 -0.273142
v 0.544257 0.717611 -0.400450
v 0.544257 0.713687 -0.406328
v 0.544257 0.578881 -0.510982
f 847 848 849
f 847 849 850
f 847 850 857
f 847 857 866
f 847 866 879
f 847 879 897
f 847 897 918
f 847 918 936
f 847 936 948
f 847 948 949
f 847 949 939
f 847 939 925
f 847 925 919
f 847 919 898
f 847 898 880
f 847 880 867
f 847 867 858
f 847 858 851
f 847 851 859
f 847 859 870
f 847 870 885
f 847 885 904
f 847 904 926
f 847 926 927
f 847 927 928
f 847 928 907
f 847 907 906
f 847 906 888
f 847 888 872
f 847 872 861
f 847 861 852
f 847 852 848
f 848 852 853
f 848 853 854
f 848 854 855
f 848 855 849
f 849 855 856
f 849 856 857
f 849 857 850
f 851 858 859
f 852 860 853
f 852 861 860
f 853 860 854
f 854 862 863
f 854 863 855
f 854 860 864
f 854 864 862
f 855 863 856
f 856 865 866
f 856 866 857
f 856 863 865
f 858 867 868
f 858 868 869
f 858 869 859
f 859 869 870
f 860 861 871
f 860 871 864
f 861 872 871
f 862 864 873
f 862 873 874
f 862 874 875
f 862 875 863
f 863 875 865
f 864 871 876
f 864 876 873
f 865 875 877
f 865 877 878
f 865 878 866
f 866 878 879
f 867 880 868
f 868 881 882
f 868 882 869
f 868 880 883
f 868 883 881
f 869 882 884
f 869 884 870
f 870 884 885
f 871 872 886
f 871 886 887
f 871 887 876
f 872 888 886
f 873 889 874
f 873 876 890
f 873 890 889
f 874 891 875
f 874 889 892
f 874 892 891
f 875 891 877
f 876 887 893
f 876 893 890
f 877 891 894
f 877 894 895
f 877 895 878
f 878 895 896
f 878 896 879
f 879 896 897
f 880 898 883
f 881 883 899
f 881 899 900
f 881 900 901
f 881 901 882
f 882 901 902
f 882 902 884
f 883 898 903
f 883 903 899
f 884 904 885
f 884 902 905
f 884 905 904
f 886 888 887
f 887 888 906
f 887 906 907
f 887 907 908
f 887 908 893
f 889 890 909
f 889 909 910
f 889 910 892
f 890 893 911
f 890 911 909
f 891 892 912
f 891 912 894
f 892 910 913
f 892 913 912
f 893 908 914
f 893 914 911
f 894 912 915
f 894 915 916
f 894 916 895
f 895 916 917
f 895 917 896
f 896 917 918
f 896 918 897
f 898 919 903
f 899 920 900
f 899 903 921
f 899 921 920
f 900 920 922
f 900 922 923
f 900 923 901
f 901 923 924
f 901 924 902
f 902 924 914
f 902 914 905
f 903 925 921
f 903 919 925
f 904 905 926
f 905 927 926
f 905 914 927
f 907 928 908
f 908 928 914
f 909 911 929
f 909 929 930
f 909 930 910
f 910 930 931
f 910 931 913
f 911 914 924
f 911 924 929
f 912 913 932
f 912 932 915
f 913 931 933
f 913 933 932
f 914 928 927
f 915 932 934
f 915 934 935
f 915 935 916
f 916 935 917
f 917 935 934
f 917 934 945
f 917 945 944
f 917 944 946
f 917 946 954
f 917 954 953
f 917 953 958
f 917 958 957
f 917 957 956
f 917 956 955
f 917 955 947
f 917 947 936
f 917 936 918
f 920 921 937
f 920 937 938
f 920 938 922
f 921 925 939
f 921 939 937
f 922 940 941
f 922 941 923
f 922 938 940
f 923 941 929
f 923 929 924
f 929 941 930
f 930 941 942
f 930 942 931
f 931 942 943
f 931 943 933
f 932 933 944
f 932 944 945
f 932 945 934
f 933 943 946
f 933 946 944
f 936 947 948
f 937 939 949
f 937 949 948
f 937 948 950
f 937 950 938
f 938 950 951
f 938 951 940
f 940 951 952
f 940 952 942
f 940 942 941
f 942 952 953
f 942 953 954
f 942 954 943
f 943 954 946
f 947 955 950
f 947 950 948
f 950 955 956
f 950 956 951
f 951 956 957
f 951 957 952
f 952 958 953
f 952 957 958
o hull_012
v -0.566084 0.786894 -0.195344
v -0.566084 0.779585 -0.242686
v -0.606625 0.754752 -0.195344
v -0.566084 -0.112656 -0.195344
v -0.566084 0.773333 -0.276970
v -0.635329 0.731063 -0.195344
v -0.728168 -0.107989 -0.195344
v -0.728168 -0.106492 -0.205411
v -0.728168 -0.104907 -0.212742
v -0.728168 -0.092754 -0.267815
v -0.566084 -0.072852 -0.320664
v -0.566084 0.716797 -0.373659
v -0.635043 0.714155 -0.289006
v -0.714872 0.652953 -0.195344
v -0.728168 0.631201 -0.195344
v -0.728168 -0.011121 -0.350681
v -0.566084 0.024632 -0.449996
v -0.566084 0.695574 -0.405755
v -0.632393 0.640624 -0.404077
v -0.713983 0.637542 -0.275839
v -0.728168 0.615174 -0.271973
v -0.728168 -0.010593 -0.350936
v -0.566084 0.175922 -0.542344
v -0.566084 0.098516 -0.500000
v -0.566084 0.594215 -0.484535
v -0.566084 0.548511 -0.513057
v -0.623571 0.506594 -0.494529
v -0.709318 0.571760 -0.377379
v -0.728168 0.596241 -0.299510
v -0.728168 0.135942 -0.415894
v -0.566084 0.197497 -0.547049
v -0.566084 0.446536 -0.549384
v -0.566084 0.360764 -0.567912
v -0.598310 0.342447 -0.548362
v -0.701178 0.452700 -0.447735
v -0.728168 0.550361 -0.362644
v -0.728168 0.295510 -0.437522
v -0.676743 0.304316 -0.487490
v -0.566084 0.236508 -0.553432
v -0.728168 0.374942 -0.429206
v -0.728168 0.440812 -0.415602
f 959 960 961
f 959 961 964
f 959 964 972
f 959 972 973
f 959 973 965
f 959 965 962
f 959 962 969
f 959 969 975
f 959 975 982
f 959 982 981
f 959 981 989
f 959 989 997
f 959 997 991
f 959 991 990
f 959 990 984
f 959 984 983
f 959 983 976
f 959 976 970
f 959 970 963
f 959 963 960
f 960 963 964
f 960 964 961
f 962 965 966
f 962 966 967
f 962 967 968
f 962 968 969
f 963 970 971
f 963 971 964
f 964 971 972
f 965 973 979
f 965 979 987
f 965 987 994
f 965 994 999
f 965 999 998
f 965 998 995
f 965 995 988
f 965 988 980
f 965 980 974
f 965 974 968
f 965 968 967
f 965 967 966
f 968 974 975
f 968 975 969
f 970 976 977
f 970 977 971
f 971 977 978
f 971 978 972
f 972 978 979
f 972 979 973
f 974 980 981
f 974 981 982
f 974 982 975
f 976 983 977
f 977 983 984
f 977 984 985
f 977 985 986
f 977 986 978
f 978 986 987
f 978 987 979
f 980 988 981
f 981 988 989
f 984 990 985
f 985 990 991
f 985 991 992
f 985 992 993
f 985 993 986
f 986 993 994
f 986 994 987
f 988 995 996
f 988 996 989
f 989 996 992
f 989 992 997
f 991 997 992
f 992 996 993
f 993 996 998
f 993 998 999
f 993 999 994
f 995 998 996
o hull_013
v -1.125209 0.469519 -0.385577
v -1.125244 0.469465 -0.385874
v -1.125958 0.469393 -0.385874
v -1.114962 0.451859 -0.356408
v -1.034413 0.437570 -0.311712
v -1.032700 0.437804 -0.311712
v -1.034699 0.453770 -0.340495
v -1.035092 0.442795 -0.385874
v -1.178550 0.440777 -0.385874
v -1.035199 0.408251 -0.311712
v -1.006279 0.436290 -0.311712
v -0.982714 0.434614 -0.311712
v -0.957471 0.422865 -0.311712
v -0.951830 0.412648 -0.354666
v -1.013027 0.432794 -0.385874
v -1.170838 0.408684 -0.385874
v -1.007028 0.365904 -0.311712
v -0.813834 0.347308 -0.311712
v -0.813834 0.327918 -0.341911
v -0.817547 0.285445 -0.370825
v -0.836292 0.285445 -0.376248
v -0.893418 0.309898 -0.385874
v -1.033021 0.285445 -0.385874
v -0.939941 0.285445 -0.311712
v -0.813834 0.285445 -0.311712
v -0.813834 0.285445 -0.366412
v -0.886742 0.285445 -0.385874
f 1000 1001 1002
f 1000 1002 1003
f 1000 1003 1004
f 1000 1004 1005
f 1000 1005 1006
f 1000 1006 1001
f 1001 1006 1007
f 1001 1007 1014
f 1001 1014 1021
f 1001 1021 1026
f 1001 1026 1022
f 1001 1022 1015
f 1001 1015 1008
f 1001 1008 1002
f 1002 1008 1003
f 1003 1008 1004
f 1004 1008 1009
f 1004 1009 1016
f 1004 1016 1023
f 1004 1023 1024
f 1004 1024 1017
f 1004 1017 1012
f 1004 1012 1011
f 1004 1011 1010
f 1004 1010 1005
f 1005 1010 1006
f 1006 1010 1011
f 1006 1011 1012
f 1006 1012 1013
f 1006 1013 1014
f 1006 1014 1007
f 1008 1015 1009
f 1009 1015 1016
f 1012 1017 1013
f 1013 1017 1018
f 1013 1018 1014
f 1014 1018 1019
f 1014 1019 1020
f 1014 1020 1021
f 1015 1022 1023
f 1015 1023 1016
f 1017 1024 1025
f 1017 1025 1018
f 1018 1025 1019
f 1019 1025 1024
f 1019 1024 1023
f 1019 1023 1022
f 1019 1022 1026
f 1019 1026 1020
f 1020 1026 1021
o hull_014
v -0.893666 0.310087 -0.385890
v -0.813909 0.285410 -0.311724
v -0.813909 0.285410 -0.366420
v -0.817568 0.285410 -0.370859
v -0.893927 0.310087 -0.386108
v -1.027416 0.310087 -0.385890
v -0.813834 0.022844 -0.265184
v -0.813834 0.025262 -0.265618
v -0.813834 0.052067 -0.272711
v -0.813834 0.058768 -0.277440
v -0.813834 0.066285 -0.284027
v -0.813834 0.071208 -0.288852
v -0.813834 0.091020 -0.311893
v -0.939930 0.285410 -0.311724
v -0.813909 0.280399 -0.373369
v -0.813834 0.091020 -0.313075
v -1.036415 0.310087 -0.454773
v -1.157731 0.310087 -0.450888
v -1.195257 0.305338 -0.456679
v -0.909386 0.012443 -0.307864
v -0.813834 0.012443 -0.266004
v -1.124611 0.223906 -0.413419
v -1.001577 0.012443 -0.355056
v -0.813909 0.275009 -0.377205
v -0.813834 0.012443 -0.334090
v -1.145633 0.310087 -0.494606
v -1.164900 0.310087 -0.454604
v -1.165087 0.310087 -0.454725
v -1.195257 0.305338 -0.505053
v -1.195257 0.229878 -0.456052
v -1.029918 0.012443 -0.371028
v -1.165087 0.091049 -0.445074
v -0.813909 0.134752 -0.385794
v -1.038244 0.182796 -0.467898
v -0.813984 0.012443 -0.353971
v -0.813909 0.091020 -0.374406
v -1.152765 0.218924 -0.504426
v -1.161353 0.310087 -0.497791
v -1.165087 0.310087 -0.498539
v -1.195257 0.233695 -0.511640
v -1.195257 0.172861 -0.459671
v -1.029918 0.012443 -0.441020
v -1.195257 0.170064 -0.460225
v -1.165087 0.091049 -0.489853
v -1.039253 0.091049 -0.455931
v -1.161091 0.091049 -0.489491
v -1.165087 0.223236 -0.506525
v -1.195257 0.170064 -0.502279
f 1027 1028 1029
f 1027 1029 1030
f 1027 1030 1031
f 1027 1031 1043
f 1027 1043 1052
f 1027 1052 1064
f 1027 1064 1065
f 1027 1065 1054
f 1027 1054 1053
f 1027 1053 1044
f 1027 1044 1032
f 1027 1032 1040
f 1027 1040 1028
f 1028 1033 1034
f 1028 1034 1035
f 1028 1035 1036
f 1028 1036 1037
f 1028 1037 1038
f 1028 1038 1039
f 1028 1039 1042
f 1028 1042 1029
f 1028 1040 1033
f 1029 1041 1030
f 1029 1042 1041
f 1030 1041 1043
f 1030 1043 1031
f 1032 1044 1045
f 1032 1045 1040
f 1033 1046 1047
f 1033 1047 1051
f 1033 1051 1042
f 1033 1042 1039
f 1033 1039 1038
f 1033 1038 1037
f 1033 1037 1036
f 1033 1036 1035
f 1033 1035 1034
f 1033 1040 1046
f 1040 1045 1048
f 1040 1048 1049
f 1040 1049 1046
f 1041 1042 1050
f 1041 1050 1043
f 1042 1051 1050
f 1043 1050 1052
f 1044 1053 1045
f 1045 1053 1054
f 1045 1054 1065
f 1045 1065 1055
f 1045 1055 1066
f 1045 1066 1074
f 1045 1074 1069
f 1045 1069 1067
f 1045 1067 1056
f 1045 1056 1048
f 1046 1049 1057
f 1046 1057 1068
f 1046 1068 1061
f 1046 1061 1051
f 1046 1051 1047
f 1048 1057 1049
f 1048 1056 1058
f 1048 1058 1057
f 1050 1051 1059
f 1050 1059 1060
f 1050 1060 1052
f 1051 1061 1062
f 1051 1062 1059
f 1052 1063 1064
f 1052 1060 1063
f 1055 1065 1064
f 1055 1064 1066
f 1056 1067 1058
f 1057 1058 1070
f 1057 1070 1068
f 1058 1067 1069
f 1058 1069 1074
f 1058 1074 1070
f 1059 1062 1068
f 1059 1068 1071
f 1059 1071 1060
f 1060 1071 1063
f 1061 1068 1062
f 1063 1071 1072
f 1063 1072 1073
f 1063 1073 1064
f 1064 1073 1066
f 1066 1073 1072
f 1066 1072 1070
f 1066 1070 1074
f 1068 1070 1072
f 1068 1072 1071
o hull_015
v 0.000000 0.727782 0.382840
v 0.000000 0.716385 0.395405
v 0.018217 0.725685 0.382840
v -0.014891 0.726050 0.382840
v -0.017901 0.725685 0.382840
v -0.482841 0.536672 0.519529
v -0.438802 0.540867 0.519529
v 0.000000 0.636421 0.468788
v 0.438802 0.540867 0.519529
v 0.482841 0.536672 0.519529
v 0.116275 0.711917 0.382840
v -0.116275 0.711917 0.382840
v -0.207520 0.697784 0.382840
v -0.224945 0.694411 0.382840
v -0.573928 0.508589 0.519529
v 0.000000 0.581076 0.519529
v 0.224945 0.694411 0.382840
v 0.207520 0.697784 0.382840
v 0.573928 0.508589 0.519529
v -0.416624 0.606059 0.382840
v -0.747548 0.436650 0.519529
v -0.671034 0.471024 0.519529
v -0.641253 0.483971 0.519529
v 0.641253 0.483971 0.519529
v 0.671034 0.471024 0.519529
v 0.747548 0.436650 0.519529
v 0.416624 0.606059 0.382840
v -0.706835 0.433915 0.382840
v -0.758795 0.426073 0.519529
v 0.758795 0.426073 0.519529
v 0.706835 0.433915 0.382840
v -0.750716 0.391608 0.382840
v -0.785566 0.398537 0.519529
v 0.750716 0.391608 0.382840
v 0.785566 0.398537 0.519529
v -0.759428 0.382034 0.382840
v -0.798239 0.382125 0.511193
v -0.794754 0.387505 0.519529
v 0.798239 0.382125 0.511193
v 0.759428 0.382034 0.382840
v 0.794754 0.387505 0.519529
v -0.779230 0.344560 0.382840
v -0.788576 0.290947 0.382840
v -0.805685 0.286115 0.468788
v -0.799031 0.382125 0.519529
v 0.799031 0.382125 0.519529
v 0.805685 0.286115 0.468788
v 0.788576 0.290947 0.382840
v 0.779230 0.344560 0.382840
v -0.788576 0.278912 0.382840
v -0.805685 0.285112 0.468788
v -0.809170 0.285659 0.519529
v -0.804418 0.335077 0.519529
v 0.804418 0.335077 0.519529
v 0.809170 0.285659 0.519529
v 0.805685 0.285112 0.468788
v 0.788576 0.278912 0.382840
v -0.774953 0.201684 0.382840
v -0.769408 0.178980 0.382840
v -0.774002 0.172415 0.437369
v -0.786200 0.210801 0.468788
v -0.807903 0.280917 0.519529
v 0.807903 0.280917 0.519529
v 0.786200 0.210801 0.468788
v 0.774002 0.172415 0.437369
v 0.769408 0.178980 0.382840
v 0.774953 0.201684 0.382840
v -0.727904 0.109594 0.382840
v -0.707628 0.079778 0.382840
v -0.706519 0.073487 0.441972
v -0.775745 0.172962 0.468788
v -0.777012 0.173509 0.492178
v -0.805526 0.272620 0.519529
v 0.805526 0.272620 0.519529
v 0.777012 0.173509 0.492178
v 0.775745 0.172962 0.468788
v 0.706519 0.073487 0.441972
v 0.707628 0.079778 0.382840
v 0.727904 0.109594 0.382840
v -0.629689 0.005559 0.382840
v -0.710004 0.075037 0.498882
v -0.703984 0.082422 0.519529
v -0.765290 0.179163 0.519529
v 0.765290 0.179163 0.519529
v 0.703984 0.082422 0.519529
v 0.710004 0.075037 0.498882
v 0.629689 0.005559 0.382840
v -0.623511 -0.000003 0.382840
v -0.632540 0.005377 0.519529
v 0.632540 0.005377 0.519529
v 0.623511 -0.000003 0.382840
v -0.619234 -0.005200 0.468788
v -0.621768 -0.004106 0.519529
v -0.530206 -0.065104 0.382840
v 0.621768 -0.004106 0.519529
v 0.619234 -0.005200 0.468788
v 0.530206 -0.065104 0.382840
v -0.615115 -0.008482 0.519529
v -0.311122 -0.203695 0.382840
v -0.526562 -0.064739 0.519529
v 0.615115 -0.008482 0.519529
v 0.526562 -0.064739 0.519529
v 0.311122 -0.203695 0.382840
v -0.284033 -0.203695 0.444086
v -0.477296 -0.087351 0.519529
v 0.477296 -0.087351 0.519529
v 0.284033 -0.203695 0.444086
v -0.223361 -0.203695 0.519529
v 0.223361 -0.203695 0.519529
f 1075 1076 1077
f 1075 1077 1085
f 1075 1085 1092
f 1075 1092 1091
f 1075 1091 1101
f 1075 1101 1105
f 1075 1105 1108
f 1075 1108 1114
f 1075 1114 1123
f 1075 1123 1122
f 1075 1122 1131
f 1075 1131 1141
f 1075 1141 1140
f 1075 1140 1153
f 1075 1153 1152
f 1075 1152 1161
f 1075 1161 1165
f 1075 1165 1171
f 1075 1171 1177
f 1075 1177 1173
f 1075 1173 1168
f 1075 1168 1162
f 1075 1162 1154
f 1075 1154 1143
f 1075 1143 1142
f 1075 1142 1133
f 1075 1133 1132
f 1075 1132 1124
f 1075 1124 1117
f 1075 1117 1116
f 1075 1116 1110
f 1075 1110 1106
f 1075 1106 1102
f 1075 1102 1094
f 1075 1094 1088
f 1075 1088 1087
f 1075 1087 1086
f 1075 1086 1079
f 1075 1079 1078
f 1075 1078 1076
f 1076 1078 1079
f 1076 1079 1080
f 1076 1080 1081
f 1076 1081 1082
f 1076 1082 1083
f 1076 1083 1084
f 1076 1084 1077
f 1077 1084 1085
f 1079 1086 1080
f 1080 1086 1087
f 1080 1087 1088
f 1080 1088 1089
f 1080 1089 1097
f 1080 1097 1096
f 1080 1096 1095
f 1080 1095 1103
f 1080 1103 1107
f 1080 1107 1112
f 1080 1112 1119
f 1080 1119 1127
f 1080 1127 1126
f 1080 1126 1136
f 1080 1136 1147
f 1080 1147 1157
f 1080 1157 1156
f 1080 1156 1163
f 1080 1163 1167
f 1080 1167 1172
f 1080 1172 1174
f 1080 1174 1179
f 1080 1179 1182
f 1080 1182 1183
f 1080 1183 1180
f 1080 1180 1176
f 1080 1176 1175
f 1080 1175 1169
f 1080 1169 1164
f 1080 1164 1159
f 1080 1159 1158
f 1080 1158 1148
f 1080 1148 1137
f 1080 1137 1129
f 1080 1129 1128
f 1080 1128 1120
f 1080 1120 1115
f 1080 1115 1109
f 1080 1109 1104
f 1080 1104 1100
f 1080 1100 1099
f 1080 1099 1098
f 1080 1098 1093
f 1080 1093 1084
f 1080 1084 1083
f 1080 1083 1090
f 1080 1090 1081
f 1081 1090 1082
f 1082 1090 1083
f 1084 1091 1092
f 1084 1092 1085
f 1084 1093 1091
f 1088 1094 1095
f 1088 1095 1096
f 1088 1096 1097
f 1088 1097 1089
f 1091 1093 1098
f 1091 1098 1099
f 1091 1099 1100
f 1091 1100 1101
f 1094 1102 1095
f 1095 1102 1103
f 1100 1104 1105
f 1100 1105 1101
f 1102 1106 1103
f 1103 1106 1107
f 1104 1108 1105
f 1104 1109 1108
f 1106 1110 1111
f 1106 1111 1107
f 1107 1111 1112
f 1108 1109 1113
f 1108 1113 1114
f 1109 1115 1113
f 1110 1116 1111
f 1111 1116 1117
f 1111 1117 1118
f 1111 1118 1119
f 1111 1119 1112
f 1113 1115 1120
f 1113 1120 1121
f 1113 1121 1122
f 1113 1122 1123
f 1113 1123 1114
f 1117 1124 1125
f 1117 1125 1118
f 1118 1125 1126
f 1118 1126 1127
f 1118 1127 1119
f 1120 1128 1121
f 1121 1128 1129
f 1121 1129 1130
f 1121 1130 1131
f 1121 1131 1122
f 1124 1132 1125
f 1125 1132 1133
f 1125 1133 1134
f 1125 1134 1135
f 1125 1135 1126
f 1126 1135 1136
f 1129 1137 1138
f 1129 1138 1130
f 1130 1138 1139
f 1130 1139 1140
f 1130 1140 1141
f 1130 1141 1131
f 1133 1142 1134
f 1134 1142 1143
f 1134 1143 1144
f 1134 1144 1145
f 1134 1145 1135
f 1135 1146 1136
f 1135 1145 1146
f 1136 1146 1147
f 1137 1148 1149
f 1137 1149 1138
f 1138 1149 1150
f 1138 1150 1139
f 1139 1150 1151
f 1139 1151 1152
f 1139 1152 1153
f 1139 1153 1140
f 1143 1154 1144
f 1144 1155 1145
f 1144 1154 1155
f 1145 1155 1146
f 1146 1155 1156
f 1146 1156 1157
f 1146 1157 1147
f 1148 1158 1149
f 1149 1158 1159
f 1149 1159 1160
f 1149 1160 1150
f 1150 1160 1151
f 1151 1160 1161
f 1151 1161 1152
f 1154 1162 1155
f 1155 1163 1156
f 1155 1162 1163
f 1159 1164 1160
f 1160 1164 1165
f 1160 1165 1161
f 1162 1166 1167
f 1162 1167 1163
f 1162 1168 1166
f 1164 1169 1165
f 1165 1169 1170
f 1165 1170 1171
f 1166 1168 1167
f 1167 1168 1172
f 1168 1173 1174
f 1168 1174 1172
f 1169 1175 1171
f 1169 1171 1170
f 1171 1175 1176
f 1171 1176 1177
f 1173 1178 1174
f 1173 1177 1181
f 1173 1181 1183
f 1173 1183 1182
f 1173 1182 1178
f 1174 1178 1179
f 1176 1180 1181
f 1176 1181 1177
f 1178 1182 1179
f 1180 1183 1181
o hull_016
v 1.167683 0.093270 -0.490382
v 1.206301 0.093270 -0.493874
v 1.167683 0.093270 -0.446233
v 1.167683 0.179237 -0.500927
v 1.206502 0.237602 -0.513548
v 1.249575 0.252570 -0.520849
v 1.257823 0.179237 -0.510481
v 1.263157 0.131735 -0.503746
v 1.262201 0.093270 -0.475072
v 1.168408 0.093270 -0.428033
v 1.167683 0.179237 -0.443827
v 1.206502 0.285612 -0.509137
v 1.245906 0.285612 -0.517252
v 1.300249 0.271774 -0.518738
v 1.316914 0.212053 -0.502921
v 1.268722 0.093270 -0.465825
v 1.175684 0.093270 -0.411237
v 1.176686 0.093270 -0.409467
v 1.224893 0.285612 -0.423173
v 1.212946 0.285612 -0.442046
v 1.206502 0.285612 -0.461343
v 1.291939 0.285612 -0.517228
v 1.300095 0.285612 -0.516249
v 1.322556 0.285612 -0.496740
v 1.324314 0.285612 -0.495018
v 1.317268 0.186146 -0.469576
v 1.313661 0.179237 -0.469293
v 1.254524 0.093270 -0.427349
v 1.197884 0.093270 -0.400361
v 1.249375 0.285612 -0.412994
v 1.325177 0.285612 -0.467700
v 1.300033 0.185563 -0.435723
v 1.296919 0.179237 -0.435145
v 1.311318 0.285612 -0.438967
v 1.309313 0.285612 -0.435004
v 1.228963 0.093270 -0.406625
v 1.295177 0.179237 -0.433730
v 1.198269 0.093270 -0.400397
v 1.281071 0.285612 -0.416155
v 1.270834 0.185713 -0.416497
v 1.226173 0.093270 -0.404785
f 1184 1185 1192
f 1184 1192 1199
f 1184 1199 1211
f 1184 1211 1219
f 1184 1219 1224
f 1184 1224 1221
f 1184 1221 1212
f 1184 1212 1201
f 1184 1201 1200
f 1184 1200 1193
f 1184 1193 1186
f 1184 1186 1194
f 1184 1194 1187
f 1184 1187 1188
f 1184 1188 1189
f 1184 1189 1185
f 1185 1189 1190
f 1185 1190 1191
f 1185 1191 1192
f 1186 1193 1194
f 1187 1194 1204
f 1187 1204 1195
f 1187 1195 1188
f 1188 1195 1196
f 1188 1196 1189
f 1189 1196 1197
f 1189 1197 1190
f 1190 1197 1191
f 1191 1197 1198
f 1191 1198 1192
f 1192 1198 1199
f 1193 1200 1194
f 1194 1200 1201
f 1194 1201 1202
f 1194 1202 1203
f 1194 1203 1204
f 1195 1204 1203
f 1195 1203 1202
f 1195 1202 1213
f 1195 1213 1222
f 1195 1222 1218
f 1195 1218 1217
f 1195 1217 1214
f 1195 1214 1208
f 1195 1208 1207
f 1195 1207 1206
f 1195 1206 1205
f 1195 1205 1196
f 1196 1205 1197
f 1197 1205 1206
f 1197 1206 1207
f 1197 1207 1208
f 1197 1208 1198
f 1198 1208 1209
f 1198 1209 1210
f 1198 1210 1199
f 1199 1210 1211
f 1201 1212 1202
f 1202 1212 1213
f 1208 1214 1209
f 1209 1215 1216
f 1209 1216 1211
f 1209 1211 1210
f 1209 1214 1217
f 1209 1217 1218
f 1209 1218 1215
f 1211 1216 1220
f 1211 1220 1219
f 1212 1221 1213
f 1213 1221 1222
f 1215 1223 1220
f 1215 1220 1216
f 1215 1218 1222
f 1215 1222 1223
f 1219 1220 1224
f 1220 1223 1224
f 1221 1224 1222
f 1222 1224 1223
o hull_017
v 0.329861 -0.832474 0.532580
v 0.327865 -0.789374 0.538945
v 0.302594 -0.789374 0.606922
v 0.303461 -0.836785 0.597892
v 0.321586 -0.888561 0.525982
v 0.319091 -0.860928 0.463203
v 0.318697 -0.789374 0.465802
v 0.249846 -0.789374 0.657339
v 0.292559 -0.885698 0.587528
v 0.250214 -0.810985 0.652973
v 0.293610 -0.924469 0.526715
v 0.297682 -0.910120 0.469767
v 0.318408 -0.789374 0.464036
v 0.281894 -0.885401 0.433946
v 0.285861 -0.831095 0.417685
v 0.210233 -0.789374 0.678165
v 0.241545 -0.858728 0.641111
v 0.221345 -0.894741 0.632347
v 0.266028 -0.917818 0.582863
v 0.183675 -0.789374 0.691027
v 0.181443 -0.822332 0.683130
v 0.240363 -0.945190 0.535112
v 0.244251 -0.936723 0.480431
v 0.237001 -0.901199 0.433380
v 0.317541 -0.789374 0.462836
v 0.227176 -0.830711 0.401823
v 0.221450 -0.789374 0.394492
v 0.281211 -0.789374 0.414119
v 0.168597 -0.863267 0.672800
v 0.187537 -0.915706 0.629581
v 0.143169 -0.889102 0.666469
v 0.221266 -0.936287 0.585562
v 0.128616 -0.789374 0.710721
v 0.129667 -0.792516 0.709888
v 0.123494 -0.835511 0.699425
v 0.168413 -0.957461 0.547075
v 0.168282 -0.951683 0.494393
v 0.081306 -0.932254 0.452207
v 0.162135 -0.917748 0.443143
v 0.061500 -0.866653 0.404289
v 0.076236 -0.865100 0.404256
v 0.152862 -0.847451 0.402723
v 0.072060 -0.789374 0.375732
v 0.103241 -0.865170 0.691161
v 0.105079 -0.903451 0.663570
v 0.138257 -0.927070 0.631047
v 0.073373 -0.882591 0.685329
v 0.159429 -0.946988 0.592560
v 0.121366 -0.789374 0.712220
v 0.102400 -0.789374 0.715719
v 0.098880 -0.821127 0.707988
v 0.086481 -0.966574 0.557572
v 0.085194 -0.963117 0.506189
v 0.061500 -0.933843 0.453073
v 0.061500 -0.956362 0.492160
v 0.061500 -0.789374 0.375332
v 0.081122 -0.850785 0.698725
v 0.061500 -0.902037 0.670168
v 0.061500 -0.910713 0.662737
v 0.061500 -0.919319 0.653140
v 0.073452 -0.934786 0.633880
v 0.083486 -0.954878 0.599591
v 0.061500 -0.865170 0.693127
v 0.061500 -0.873601 0.689495
v 0.061500 -0.885576 0.684196
v 0.093022 -0.789374 0.705889
v 0.061500 -0.967691 0.558871
v 0.061500 -0.967028 0.544143
v 0.061500 -0.964514 0.507522
v 0.061500 -0.789374 0.659138
v 0.061500 -0.935292 0.634113
v 0.061500 -0.955786 0.600457
f 1225 1226 1227
f 1225 1227 1228
f 1225 1228 1229
f 1225 1229 1230
f 1225 1230 1231
f 1225 1231 1226
f 1226 1231 1237
f 1226 1237 1249
f 1226 1249 1252
f 1226 1252 1251
f 1226 1251 1267
f 1226 1267 1280
f 1226 1280 1294
f 1226 1294 1290
f 1226 1290 1274
f 1226 1274 1273
f 1226 1273 1257
f 1226 1257 1244
f 1226 1244 1240
f 1226 1240 1232
f 1226 1232 1227
f 1227 1232 1228
f 1228 1233 1229
f 1228 1232 1234
f 1228 1234 1233
f 1229 1233 1235
f 1229 1235 1236
f 1229 1236 1230
f 1230 1237 1231
f 1230 1236 1238
f 1230 1238 1239
f 1230 1239 1237
f 1232 1240 1234
f 1233 1234 1241
f 1233 1241 1242
f 1233 1242 1243
f 1233 1243 1235
f 1234 1240 1244
f 1234 1244 1245
f 1234 1245 1241
f 1235 1243 1246
f 1235 1246 1247
f 1235 1247 1236
f 1236 1247 1248
f 1236 1248 1238
f 1237 1239 1249
f 1238 1248 1250
f 1238 1250 1239
f 1239 1250 1251
f 1239 1251 1252
f 1239 1252 1249
f 1241 1245 1253
f 1241 1253 1242
f 1242 1254 1243
f 1242 1253 1255
f 1242 1255 1254
f 1243 1254 1256
f 1243 1256 1246
f 1244 1257 1258
f 1244 1258 1245
f 1245 1258 1259
f 1245 1259 1253
f 1246 1260 1261
f 1246 1261 1247
f 1246 1256 1260
f 1247 1262 1263
f 1247 1263 1248
f 1247 1261 1262
f 1248 1263 1264
f 1248 1264 1265
f 1248 1265 1266
f 1248 1266 1250
f 1250 1266 1267
f 1250 1267 1251
f 1253 1259 1268
f 1253 1268 1255
f 1254 1255 1269
f 1254 1269 1270
f 1254 1270 1256
f 1255 1268 1271
f 1255 1271 1269
f 1256 1270 1272
f 1256 1272 1260
f 1257 1273 1258
f 1258 1273 1274
f 1258 1274 1275
f 1258 1275 1259
f 1259 1275 1268
f 1260 1276 1277
f 1260 1277 1261
f 1260 1272 1276
f 1261 1277 1262
f 1262 1278 1264
f 1262 1264 1263
f 1262 1277 1279
f 1262 1279 1278
f 1264 1280 1265
f 1264 1278 1279
f 1264 1279 1293
f 1264 1293 1292
f 1264 1292 1291
f 1264 1291 1296
f 1264 1296 1295
f 1264 1295 1284
f 1264 1284 1283
f 1264 1283 1282
f 1264 1282 1289
f 1264 1289 1288
f 1264 1288 1287
f 1264 1287 1294
f 1264 1294 1280
f 1265 1280 1267
f 1265 1267 1266
f 1268 1275 1281
f 1268 1281 1271
f 1269 1271 1282
f 1269 1282 1283
f 1269 1283 1284
f 1269 1284 1285
f 1269 1285 1270
f 1270 1285 1286
f 1270 1286 1272
f 1271 1281 1287
f 1271 1287 1288
f 1271 1288 1289
f 1271 1289 1282
f 1272 1286 1276
f 1274 1290 1287
f 1274 1287 1275
f 1275 1287 1281
f 1276 1291 1292
f 1276 1292 1293
f 1276 1293 1277
f 1276 1286 1291
f 1277 1293 1279
f 1284 1295 1285
f 1285 1296 1286
f 1285 1295 1296
f 1286 1296 1291
f 1287 1290 1294
o hull_018
v 0.000001 -0.970486 0.562061
v -0.000047 -0.970468 0.562061
v -0.000047 -0.968146 0.511015
v 0.000001 -0.968146 0.511015
v 0.061493 -0.967029 0.544116
v 0.061493 -0.967703 0.558859
v 0.061493 -0.955772 0.600456
v 0.000001 -0.958271 0.602802
v -0.000047 -0.958271 0.602771
v -0.000047 -0.938735 0.455721
v 0.000001 -0.938788 0.455753
v 0.061493 -0.956357 0.492151
v 0.061493 -0.964512 0.507528
v 0.061493 -0.935295 0.634127
v 0.000001 -0.937919 0.635395
v -0.000047 -0.937937 0.635364
v -0.000047 -0.873105 0.404422
v 0.061493 -0.933842 0.453089
v 0.000001 -0.873105 0.404422
v 0.061493 -0.919322 0.653150
v 0.055613 -0.911681 0.662630
v 0.000001 -0.914536 0.662567
v -0.000047 -0.914536 0.662567
v -0.000047 -0.789374 0.369260
v 0.000001 -0.789374 0.369229
v 0.061493 -0.866651 0.404295
v 0.061493 -0.910706 0.662757
v 0.061493 -0.902037 0.670176
v 0.037971 -0.891507 0.682002
v 0.000001 -0.894095 0.680988
v -0.000047 -0.894077 0.680988
v -0.000047 -0.789374 0.661584
v 0.061493 -0.789374 0.375348
v 0.061493 -0.885585 0.684190
v 0.061493 -0.873601 0.689517
v 0.055854 -0.869311 0.691514
v 0.028283 -0.878529 0.687614
v -0.000047 -0.880958 0.686568
v -0.000047 -0.789409 0.661838
v 0.000001 -0.789374 0.661869
v 0.061493 -0.789374 0.659111
v 0.061493 -0.865162 0.693131
v 0.039014 -0.789374 0.660474
f 1297 1298 1299
f 1297 1299 1300
f 1297 1300 1301
f 1297 1301 1302
f 1297 1302 1303
f 1297 1303 1304
f 1297 1304 1305
f 1297 1305 1298
f 1298 1305 1312
f 1298 1312 1319
f 1298 1319 1327
f 1298 1327 1334
f 1298 1334 1335
f 1298 1335 1328
f 1298 1328 1320
f 1298 1320 1313
f 1298 1313 1306
f 1298 1306 1299
f 1299 1306 1307
f 1299 1307 1300
f 1300 1307 1308
f 1300 1308 1309
f 1300 1309 1301
f 1301 1309 1308
f 1301 1308 1314
f 1301 1314 1322
f 1301 1322 1329
f 1301 1329 1337
f 1301 1337 1338
f 1301 1338 1331
f 1301 1331 1330
f 1301 1330 1324
f 1301 1324 1323
f 1301 1323 1316
f 1301 1316 1310
f 1301 1310 1303
f 1301 1303 1302
f 1303 1310 1304
f 1304 1310 1311
f 1304 1311 1312
f 1304 1312 1305
f 1306 1313 1307
f 1307 1314 1308
f 1307 1313 1315
f 1307 1315 1314
f 1310 1316 1311
f 1311 1316 1317
f 1311 1317 1318
f 1311 1318 1319
f 1311 1319 1312
f 1313 1320 1321
f 1313 1321 1315
f 1314 1315 1322
f 1315 1321 1322
f 1316 1323 1317
f 1317 1323 1324
f 1317 1324 1325
f 1317 1325 1318
f 1318 1325 1326
f 1318 1326 1319
f 1319 1326 1327
f 1320 1328 1336
f 1320 1336 1339
f 1320 1339 1337
f 1320 1337 1329
f 1320 1329 1321
f 1321 1329 1322
f 1324 1330 1325
f 1325 1330 1331
f 1325 1331 1332
f 1325 1332 1326
f 1326 1332 1333
f 1326 1333 1334
f 1326 1334 1327
f 1328 1335 1336
f 1331 1338 1332
f 1332 1338 1334
f 1332 1334 1333
f 1334 1338 1336
f 1334 1336 1335
f 1336 1338 1339
f 1337 1339 1338
o hull_019
v 0.749669 0.006458 -0.195302
v 0.725218 0.006458 -0.140520
v 0.856813 -0.050707 -0.195302
v -0.749669 0.006458 -0.195302
v 0.725048 0.006458 -0.140224
v 0.867341 -0.061052 -0.195302
v -0.856813 -0.050707 -0.195302
v -0.725218 0.006458 -0.140520
v 0.724878 -0.020077 -0.140224
v 0.843229 -0.063139 -0.180771
v -0.725048 0.006458 -0.140224
v 0.865473 -0.068944 -0.195302
v -0.867341 -0.061052 -0.195302
v 0.720633 -0.033996 -0.140224
v 0.817080 -0.092908 -0.172635
v 0.857323 -0.089112 -0.195302
v -0.843229 -0.063139 -0.180771
v -0.724878 -0.020077 -0.140224
v -0.865473 -0.068944 -0.195302
v 0.689560 -0.070014 -0.140224
v 0.803156 -0.109945 -0.195302
v 0.842380 -0.095713 -0.195302
v 0.689390 -0.070157 -0.140224
v 0.628432 -0.097748 -0.140224
v 0.536400 -0.126813 -0.140224
v -0.857322 -0.089112 -0.195302
v -0.817080 -0.092908 -0.172635
v -0.720633 -0.033996 -0.140224
v 0.529947 -0.126813 -0.188309
v 0.525363 -0.126813 -0.195302
v -0.536400 -0.126813 -0.140224
v -0.842380 -0.095713 -0.195302
v -0.803156 -0.109945 -0.195302
v -0.628431 -0.097748 -0.140224
v -0.689390 -0.070157 -0.140224
v -0.689560 -0.070014 -0.140224
v -0.525363 -0.126813 -0.195302
v -0.529947 -0.126813 -0.188309
f 1340 1341 1342
f 1340 1342 1345
f 1340 1345 1351
f 1340 1351 1355
f 1340 1355 1361
f 1340 1361 1360
f 1340 1360 1369
f 1340 1369 1376
f 1340 1376 1372
f 1340 1372 1371
f 1340 1371 1365
f 1340 1365 1358
f 1340 1358 1352
f 1340 1352 1346
f 1340 1346 1343
f 1340 1343 1347
f 1340 1347 1350
f 1340 1350 1344
f 1340 1344 1341
f 1341 1344 1342
f 1342 1344 1345
f 1343 1346 1347
f 1344 1348 1349
f 1344 1349 1345
f 1344 1350 1357
f 1344 1357 1367
f 1344 1367 1375
f 1344 1375 1374
f 1344 1374 1373
f 1344 1373 1370
f 1344 1370 1364
f 1344 1364 1363
f 1344 1363 1362
f 1344 1362 1359
f 1344 1359 1353
f 1344 1353 1348
f 1345 1349 1351
f 1346 1352 1350
f 1346 1350 1347
f 1348 1353 1354
f 1348 1354 1349
f 1349 1354 1355
f 1349 1355 1351
f 1350 1352 1356
f 1350 1356 1357
f 1352 1358 1356
f 1353 1359 1354
f 1354 1360 1361
f 1354 1361 1355
f 1354 1359 1362
f 1354 1362 1363
f 1354 1363 1364
f 1354 1364 1360
f 1356 1358 1365
f 1356 1365 1366
f 1356 1366 1357
f 1357 1366 1367
f 1360 1364 1368
f 1360 1368 1369
f 1364 1370 1377
f 1364 1377 1376
f 1364 1376 1369
f 1364 1369 1368
f 1365 1371 1366
f 1366 1371 1372
f 1366 1372 1370
f 1366 1370 1373
f 1366 1373 1374
f 1366 1374 1375
f 1366 1375 1367
f 1370 1372 1377
f 1372 1376 1377
o hull_020
v 0.848902 0.138582 -0.386433
v 1.039243 0.093270 -0.456245
v 0.873474 0.093270 -0.386433
v 0.894440 0.309195 -0.386421
v 0.855833 0.167294 -0.386433
v 1.035778 0.355906 -0.450073
v 1.036408 0.309158 -0.454889
v 1.038263 0.182828 -0.467918
v 1.152755 0.218974 -0.504454
v 1.160910 0.093270 -0.489782
v 1.028988 0.093270 -0.386433
v 1.027972 0.309195 -0.386421
v 0.894790 0.310409 -0.386421
v 1.035148 0.440052 -0.397173
v 1.132278 0.456617 -0.438400
v 1.140294 0.378065 -0.487306
v 1.145649 0.309158 -0.494723
v 1.167666 0.378544 -0.492968
v 1.167595 0.224128 -0.506980
v 1.167595 0.093270 -0.490380
v 1.206483 0.237637 -0.513551
v 1.167595 0.093270 -0.446240
v 1.167666 0.405341 -0.386421
v 1.133784 0.380237 -0.386421
v 1.014147 0.433132 -0.386421
v 1.035078 0.442629 -0.386421
v 1.125278 0.469316 -0.386421
v 1.167666 0.451868 -0.448729
v 1.167666 0.430261 -0.461932
v 1.206483 0.285563 -0.509133
v 1.206483 0.269992 -0.510577
v 1.206483 0.179257 -0.504529
v 1.206483 0.179257 -0.463015
v 1.167666 0.447120 -0.386421
v 1.206483 0.285563 -0.461335
v 1.127343 0.469169 -0.386421
v 1.167666 0.458715 -0.419585
v 1.167666 0.462433 -0.402188
f 1378 1379 1380
f 1378 1380 1381
f 1378 1381 1382
f 1378 1382 1383
f 1378 1383 1384
f 1378 1384 1385
f 1378 1385 1379
f 1379 1385 1386
f 1379 1386 1387
f 1379 1387 1397
f 1379 1397 1399
f 1379 1399 1388
f 1379 1388 1380
f 1380 1388 1389
f 1380 1389 1381
f 1381 1389 1401
f 1381 1401 1400
f 1381 1400 1411
f 1381 1411 1413
f 1381 1413 1404
f 1381 1404 1403
f 1381 1403 1402
f 1381 1402 1390
f 1381 1390 1383
f 1381 1383 1382
f 1383 1390 1391
f 1383 1391 1392
f 1383 1392 1393
f 1383 1393 1384
f 1384 1393 1385
f 1385 1393 1394
f 1385 1394 1386
f 1386 1394 1393
f 1386 1393 1395
f 1386 1395 1396
f 1386 1396 1387
f 1387 1396 1398
f 1387 1398 1397
f 1388 1399 1400
f 1388 1400 1401
f 1388 1401 1389
f 1390 1402 1391
f 1391 1402 1403
f 1391 1403 1404
f 1391 1404 1392
f 1392 1404 1405
f 1392 1405 1406
f 1392 1406 1393
f 1393 1406 1395
f 1395 1406 1407
f 1395 1407 1408
f 1395 1408 1398
f 1395 1398 1396
f 1397 1398 1409
f 1397 1409 1410
f 1397 1410 1399
f 1398 1408 1407
f 1398 1407 1412
f 1398 1412 1410
f 1398 1410 1409
f 1399 1410 1400
f 1400 1410 1412
f 1400 1412 1411
f 1404 1413 1414
f 1404 1414 1405
f 1405 1414 1407
f 1405 1407 1406
f 1407 1414 1415
f 1407 1415 1412
f 1411 1415 1413
f 1411 1412 1415
f 1413 1415 1414
o hull_021
v 1.162346 0.000128 -0.443885
v 1.167911 0.000128 -0.442085
v 1.162311 -0.004614 -0.440698
v 1.128572 0.000128 -0.442109
v 1.163816 0.000128 -0.396949
v 1.152336 -0.010507 -0.392909
v 1.035125 -0.070312 -0.334828
v 1.038695 -0.063845 -0.391012
v 1.039885 0.000128 -0.436829
v 1.140401 0.000128 -0.372495
v 1.131792 0.000128 -0.363930
v 1.031625 -0.052359 -0.306700
v 0.920224 -0.083158 -0.230881
v 0.913014 -0.103565 -0.258790
v 0.913189 -0.096821 -0.321592
v 0.810398 -0.025198 -0.344245
v 0.919769 -0.018267 -0.386291
v 0.991551 0.000128 -0.421743
v 1.127487 0.000128 -0.361472
v 0.867376 -0.061048 -0.195332
v 0.932473 -0.055366 -0.234702
v 0.865626 -0.068953 -0.195332
v 0.857331 -0.089105 -0.195332
v 0.842456 -0.095705 -0.195332
v 0.810398 -0.109357 -0.199104
v 0.810398 -0.112795 -0.205625
v 0.810398 -0.103189 -0.274704
v 0.810398 -0.013613 -0.347627
v 0.810398 0.000128 -0.351204
v 1.084193 0.000128 -0.339817
v 0.856841 -0.050712 -0.195332
v 0.810398 -0.107356 -0.195332
v 0.810398 0.000128 -0.261248
v 0.869336 -0.039204 -0.208763
v 0.810398 -0.032041 -0.202437
v 0.810398 -0.038497 -0.195332
v 0.812742 -0.033224 -0.201439
v 0.810398 -0.034550 -0.199323
f 1416 1417 1418
f 1416 1418 1419
f 1416 1419 1424
f 1416 1424 1433
f 1416 1433 1444
f 1416 1444 1448
f 1416 1448 1445
f 1416 1445 1434
f 1416 1434 1426
f 1416 1426 1425
f 1416 1425 1420
f 1416 1420 1417
f 1417 1420 1421
f 1417 1421 1418
f 1418 1421 1422
f 1418 1422 1423
f 1418 1423 1419
f 1419 1423 1424
f 1420 1425 1421
f 1421 1425 1426
f 1421 1426 1427
f 1421 1427 1422
f 1422 1427 1428
f 1422 1428 1429
f 1422 1429 1423
f 1423 1429 1430
f 1423 1430 1431
f 1423 1431 1432
f 1423 1432 1424
f 1424 1432 1433
f 1426 1434 1435
f 1426 1435 1436
f 1426 1436 1428
f 1426 1428 1427
f 1428 1436 1435
f 1428 1435 1437
f 1428 1437 1438
f 1428 1438 1439
f 1428 1439 1429
f 1429 1439 1440
f 1429 1440 1441
f 1429 1441 1430
f 1430 1441 1442
f 1430 1442 1431
f 1431 1442 1441
f 1431 1441 1440
f 1431 1440 1447
f 1431 1447 1451
f 1431 1451 1453
f 1431 1453 1450
f 1431 1450 1448
f 1431 1448 1444
f 1431 1444 1443
f 1431 1443 1433
f 1431 1433 1432
f 1433 1443 1444
f 1434 1445 1446
f 1434 1446 1435
f 1435 1446 1451
f 1435 1451 1447
f 1435 1447 1439
f 1435 1439 1438
f 1435 1438 1437
f 1439 1447 1440
f 1445 1449 1446
f 1445 1448 1450
f 1445 1450 1449
f 1446 1449 1451
f 1449 1450 1452
f 1449 1452 1453
f 1449 1453 1451
f 1450 1453 1452
o hull_022
v 0.544257 0.804139 -0.195308
v 0.606617 0.754761 -0.195308
v 0.544257 0.793015 -0.268157
v 0.544257 -0.119672 -0.195308
v 0.544257 0.792111 -0.273142
v 0.635319 0.731066 -0.195308
v 0.544257 -0.073007 -0.330620
v 0.728310 -0.092813 -0.267817
v 0.728310 -0.106559 -0.205580
v 0.728310 -0.108006 -0.195308
v 0.635049 0.714154 -0.289003
v 0.544257 0.717591 -0.400410
v 0.714868 0.653019 -0.195308
v 0.544257 0.023218 -0.465744
v 0.728310 -0.011058 -0.350711
v 0.728310 0.630953 -0.195308
v 0.713986 0.637554 -0.275861
v 0.632383 0.640539 -0.404074
v 0.544257 0.713702 -0.406302
v 0.728310 0.627516 -0.211811
v 0.728310 0.614945 -0.271933
v 0.544257 0.077932 -0.502792
v 0.544257 0.169183 -0.552717
v 0.549284 0.181301 -0.556079
v 0.728310 0.135902 -0.415781
v 0.728310 0.595773 -0.299766
v 0.728310 0.550193 -0.362494
v 0.709319 0.571716 -0.377411
v 0.544257 0.578951 -0.511025
v 0.623572 0.506602 -0.494521
v 0.544257 0.183472 -0.560006
v 0.676743 0.304295 -0.487497
v 0.728310 0.295523 -0.437383
v 0.728310 0.440674 -0.415403
v 0.701175 0.452702 -0.447730
v 0.544257 0.564391 -0.520088
v 0.598311 0.342369 -0.548374
v 0.544257 0.423672 -0.570203
v 0.544257 0.373208 -0.581079
v 0.728310 0.374474 -0.429112
f 1454 1455 1456
f 1454 1456 1458
f 1454 1458 1465
f 1454 1465 1472
f 1454 1472 1482
f 1454 1482 1489
f 1454 1489 1491
f 1454 1491 1492
f 1454 1492 1484
f 1454 1484 1476
f 1454 1476 1475
f 1454 1475 1467
f 1454 1467 1460
f 1454 1460 1457
f 1454 1457 1463
f 1454 1463 1469
f 1454 1469 1466
f 1454 1466 1459
f 1454 1459 1455
f 1455 1458 1456
f 1455 1459 1458
f 1457 1460 1461
f 1457 1461 1462
f 1457 1462 1463
f 1458 1459 1464
f 1458 1464 1465
f 1459 1466 1464
f 1460 1467 1461
f 1461 1467 1468
f 1461 1468 1478
f 1461 1478 1486
f 1461 1486 1493
f 1461 1493 1487
f 1461 1487 1480
f 1461 1480 1479
f 1461 1479 1474
f 1461 1474 1473
f 1461 1473 1469
f 1461 1469 1463
f 1461 1463 1462
f 1464 1466 1470
f 1464 1470 1471
f 1464 1471 1465
f 1465 1471 1472
f 1466 1469 1473
f 1466 1473 1474
f 1466 1474 1470
f 1467 1475 1468
f 1468 1475 1476
f 1468 1476 1477
f 1468 1477 1478
f 1470 1474 1479
f 1470 1479 1480
f 1470 1480 1481
f 1470 1481 1471
f 1471 1482 1472
f 1471 1481 1483
f 1471 1483 1482
f 1476 1484 1477
f 1477 1484 1485
f 1477 1485 1478
f 1478 1485 1486
f 1480 1487 1488
f 1480 1488 1481
f 1481 1488 1483
f 1482 1483 1489
f 1483 1488 1490
f 1483 1490 1491
f 1483 1491 1489
f 1484 1492 1490
f 1484 1490 1485
f 1485 1490 1488
f 1485 1488 1493
f 1485 1493 1486
f 1487 1493 1488
f 1490 1492 1491
o hull_023
v -0.728168 0.631260 -0.195343
v -0.728168 0.615112 -0.272003
v -0.771946 0.562756 -0.195343
v -0.728168 0.075835 -0.195343
v -0.728168 0.596192 -0.299508
v -0.768476 0.551393 -0.261000
v -0.855693 0.356864 -0.311720
v -0.855693 0.357516 -0.300480
v -0.855693 0.357516 -0.299129
v -0.855693 0.357462 -0.247295
v -0.855693 0.348981 -0.216304
v -0.855693 0.328266 -0.209902
v -0.842212 0.317012 -0.195343
v -0.755269 0.075835 -0.195343
v -0.728168 0.075835 -0.389233
v -0.728168 0.550306 -0.362581
v -0.753921 0.521110 -0.342426
v -0.728168 0.440754 -0.415600
v -0.813826 0.275095 -0.377164
v -0.813826 0.134770 -0.385747
v -0.855693 0.173915 -0.311720
v -0.855693 0.317175 -0.208242
v -0.843423 0.286947 -0.195343
v -0.813826 0.075835 -0.296497
v -0.827470 0.247584 -0.195343
v -0.855693 0.245627 -0.240822
v -0.728168 0.135967 -0.415885
v -0.813826 0.075835 -0.370406
v -0.728168 0.374914 -0.429187
v -0.728168 0.295537 -0.437557
v -0.855693 0.211429 -0.268612
v -0.855693 0.289502 -0.217513
v -0.855693 0.285479 -0.219505
v -0.855693 0.213006 -0.267189
f 1494 1495 1496
f 1494 1496 1506
f 1494 1506 1516
f 1494 1516 1518
f 1494 1518 1507
f 1494 1507 1497
f 1494 1497 1508
f 1494 1508 1520
f 1494 1520 1523
f 1494 1523 1522
f 1494 1522 1511
f 1494 1511 1509
f 1494 1509 1498
f 1494 1498 1495
f 1495 1498 1499
f 1495 1499 1496
f 1496 1499 1500
f 1496 1500 1501
f 1496 1501 1502
f 1496 1502 1503
f 1496 1503 1504
f 1496 1504 1505
f 1496 1505 1506
f 1497 1507 1517
f 1497 1517 1521
f 1497 1521 1508
f 1498 1509 1510
f 1498 1510 1499
f 1499 1510 1500
f 1500 1510 1509
f 1500 1509 1511
f 1500 1511 1512
f 1500 1512 1513
f 1500 1513 1514
f 1500 1514 1524
f 1500 1524 1527
f 1500 1527 1519
f 1500 1519 1526
f 1500 1526 1525
f 1500 1525 1515
f 1500 1515 1505
f 1500 1505 1504
f 1500 1504 1503
f 1500 1503 1502
f 1500 1502 1501
f 1505 1515 1506
f 1506 1515 1516
f 1507 1518 1519
f 1507 1519 1517
f 1508 1521 1520
f 1511 1522 1512
f 1512 1523 1513
f 1512 1522 1523
f 1513 1523 1520
f 1513 1520 1521
f 1513 1521 1514
f 1514 1521 1517
f 1514 1517 1524
f 1515 1525 1516
f 1516 1525 1526
f 1516 1526 1519
f 1516 1519 1518
f 1517 1519 1527
f 1517 1527 1524
o hull_024
v -0.800124 -0.113715 -0.200320
v -0.728168 -0.106574 -0.205408
v -0.767723 -0.111526 -0.195308
v -0.803218 -0.109950 -0.195308
v -0.813834 -0.109337 -0.201459
v -0.813834 -0.112472 -0.207421
v -0.813834 -0.102975 -0.276281
v -0.799419 -0.103866 -0.269712
v -0.728168 -0.104960 -0.212755
v -0.728168 -0.107983 -0.195308
v -0.813834 -0.106091 -0.195308
v -0.813834 -0.025793 -0.343964
v -0.728168 -0.011139 -0.350647
v -0.728168 -0.092829 -0.267794
v -0.728168 0.075781 -0.195308
v -0.813834 -0.039575 -0.195308
v -0.813834 -0.025199 -0.344135
v -0.728168 0.075781 -0.389264
v -0.728168 -0.010676 -0.350913
v -0.728252 -0.011102 -0.350685
v -0.755262 0.075781 -0.195308
v -0.813834 0.058753 -0.277439
v -0.813834 0.075781 -0.370430
v -0.813834 0.075781 -0.296463
v -0.813834 0.074000 -0.293444
v -0.813834 0.071200 -0.288830
v -0.813834 0.066284 -0.284027
f 1528 1529 1530
f 1528 1530 1531
f 1528 1531 1532
f 1528 1532 1533
f 1528 1533 1534
f 1528 1534 1535
f 1528 1535 1529
f 1529 1536 1541
f 1529 1541 1540
f 1529 1540 1546
f 1529 1546 1545
f 1529 1545 1542
f 1529 1542 1537
f 1529 1537 1530
f 1529 1535 1536
f 1530 1537 1542
f 1530 1542 1548
f 1530 1548 1543
f 1530 1543 1538
f 1530 1538 1531
f 1531 1538 1532
f 1532 1538 1543
f 1532 1543 1549
f 1532 1549 1554
f 1532 1554 1553
f 1532 1553 1552
f 1532 1552 1551
f 1532 1551 1550
f 1532 1550 1544
f 1532 1544 1539
f 1532 1539 1534
f 1532 1534 1533
f 1534 1539 1540
f 1534 1540 1541
f 1534 1541 1535
f 1535 1541 1536
f 1539 1544 1545
f 1539 1545 1546
f 1539 1546 1547
f 1539 1547 1540
f 1540 1547 1546
f 1542 1545 1550
f 1542 1550 1551
f 1542 1551 1548
f 1543 1548 1549
f 1544 1550 1545
f 1548 1551 1552
f 1548 1552 1553
f 1548 1553 1554
f 1548 1554 1549
o hull_025
v -1.162445 0.012431 -0.452052
v -1.162301 -0.004616 -0.440717
v -1.182357 0.012431 -0.445643
v -1.040121 0.012431 -0.445643
v -1.152308 -0.010510 -0.392912
v -1.038678 -0.063851 -0.391027
v -1.035143 -0.070307 -0.334827
v -1.177127 0.012431 -0.401608
v -1.039580 0.012431 -0.445467
v -0.919781 -0.018263 -0.386302
v -1.137194 0.002978 -0.367024
v -1.151298 0.012431 -0.374614
v -1.031608 -0.052344 -0.306702
v -0.813834 -0.025796 -0.343976
v -0.913179 -0.096831 -0.321606
v -0.913035 -0.103569 -0.258796
v -0.920214 -0.083159 -0.230898
v -0.813978 0.012431 -0.353929
v -0.813834 -0.025209 -0.344152
v -1.147114 0.012431 -0.371322
v -0.813834 -0.102970 -0.276290
v -0.813834 -0.112471 -0.207422
v -0.813834 -0.106100 -0.195308
v -0.842476 -0.095706 -0.195308
v -0.932479 -0.055364 -0.234718
v -0.857338 -0.089102 -0.195308
v -0.865635 -0.068950 -0.195308
v -0.867367 -0.061050 -0.195308
v -0.813834 0.012431 -0.334048
v -0.856833 -0.050693 -0.195308
v -0.869315 -0.039198 -0.208754
v -1.107542 0.012431 -0.354406
v -0.813834 -0.039589 -0.195308
v -0.813834 0.012431 -0.266010
v -0.813834 -0.033341 -0.201591
f 1555 1556 1557
f 1555 1557 1562
f 1555 1562 1566
f 1555 1566 1574
f 1555 1574 1586
f 1555 1586 1588
f 1555 1588 1583
f 1555 1583 1572
f 1555 1572 1563
f 1555 1563 1558
f 1555 1558 1556
f 1556 1559 1557
f 1556 1558 1560
f 1556 1560 1561
f 1556 1561 1559
f 1557 1559 1562
f 1558 1563 1564
f 1558 1564 1560
f 1559 1565 1566
f 1559 1566 1562
f 1559 1561 1567
f 1559 1567 1565
f 1560 1564 1568
f 1560 1568 1569
f 1560 1569 1570
f 1560 1570 1561
f 1561 1570 1571
f 1561 1571 1567
f 1563 1572 1573
f 1563 1573 1568
f 1563 1568 1564
f 1565 1574 1566
f 1565 1567 1571
f 1565 1571 1574
f 1568 1573 1583
f 1568 1583 1588
f 1568 1588 1589
f 1568 1589 1587
f 1568 1587 1577
f 1568 1577 1576
f 1568 1576 1575
f 1568 1575 1569
f 1569 1575 1576
f 1569 1576 1570
f 1570 1576 1577
f 1570 1577 1578
f 1570 1578 1571
f 1571 1579 1574
f 1571 1578 1580
f 1571 1580 1581
f 1571 1581 1582
f 1571 1582 1579
f 1572 1583 1573
f 1574 1579 1582
f 1574 1582 1584
f 1574 1584 1585
f 1574 1585 1586
f 1577 1587 1584
f 1577 1584 1582
f 1577 1582 1581
f 1577 1581 1580
f 1577 1580 1578
f 1584 1587 1585
f 1585 1587 1589
f 1585 1589 1588
f 1585 1588 1586
o hull_026
v 1.206237 0.093270 -0.493878
v 1.262188 0.093270 -0.475050
v 1.167875 0.000139 -0.442082
v 1.162356 0.000139 -0.443858
v 1.162894 0.063934 -0.486342
v 1.160965 0.093270 -0.489780
v 1.268739 0.093270 -0.465829
v 1.261874 0.080179 -0.465305
v 1.163837 0.000139 -0.396958
v 1.128570 0.000139 -0.442105
v 1.040089 0.012592 -0.445725
v 1.039282 0.093270 -0.456244
v 1.254516 0.093270 -0.427306
v 1.246036 0.076168 -0.425758
v 1.140415 0.000139 -0.372505
v 1.039865 0.000139 -0.436800
v 0.991541 0.000139 -0.421728
v 0.810407 0.000139 -0.351241
v 0.810407 0.093270 -0.375442
v 1.228896 0.093270 -0.406611
v 1.221403 0.083516 -0.403537
v 1.137230 0.002983 -0.367064
v 1.131800 0.000139 -0.363945
v 0.810407 0.000139 -0.261287
v 0.810407 0.093270 -0.311352
v 1.226114 0.093270 -0.404767
v 1.127493 0.000139 -0.361509
v 0.810407 0.021188 -0.261628
v 1.084150 0.000139 -0.339857
v 0.810407 0.069841 -0.282460
v 0.907817 0.093270 -0.333141
v 1.110847 0.000139 -0.353176
v 0.810407 0.069258 -0.281891
v 0.810407 0.068365 -0.281117
v 0.810407 0.053004 -0.270303
v 0.810407 0.025911 -0.262493
f 1590 1591 1592
f 1590 1592 1593
f 1590 1593 1594
f 1590 1594 1595
f 1590 1595 1601
f 1590 1601 1608
f 1590 1608 1614
f 1590 1614 1620
f 1590 1620 1615
f 1590 1615 1609
f 1590 1609 1602
f 1590 1602 1596
f 1590 1596 1591
f 1591 1596 1597
f 1591 1597 1592
f 1592 1598 1604
f 1592 1604 1612
f 1592 1612 1616
f 1592 1616 1621
f 1592 1621 1618
f 1592 1618 1613
f 1592 1613 1607
f 1592 1607 1606
f 1592 1606 1605
f 1592 1605 1599
f 1592 1599 1593
f 1592 1597 1598
f 1593 1599 1594
f 1594 1599 1600
f 1594 1600 1595
f 1595 1600 1601
f 1596 1602 1603
f 1596 1603 1597
f 1597 1603 1598
f 1598 1603 1604
f 1599 1605 1600
f 1600 1605 1606
f 1600 1606 1607
f 1600 1607 1608
f 1600 1608 1601
f 1602 1609 1610
f 1602 1610 1603
f 1603 1610 1611
f 1603 1611 1604
f 1604 1611 1612
f 1607 1613 1617
f 1607 1617 1625
f 1607 1625 1624
f 1607 1624 1623
f 1607 1623 1622
f 1607 1622 1619
f 1607 1619 1614
f 1607 1614 1608
f 1609 1615 1610
f 1610 1615 1612
f 1610 1612 1611
f 1612 1615 1616
f 1613 1618 1617
f 1614 1619 1620
f 1615 1618 1621
f 1615 1621 1616
f 1615 1620 1619
f 1615 1619 1622
f 1615 1622 1623
f 1615 1623 1624
f 1615 1624 1625
f 1615 1625 1618
f 1617 1618 1625
o hull_027
v 0.728338 0.630999 -0.195308
v 0.771948 0.562789 -0.195308
v 0.728338 0.614946 -0.271969
v 0.728338 0.107068 -0.195308
v 0.768475 0.551404 -0.260997
v 0.802535 0.453910 -0.195308
v 0.830278 0.356981 -0.211304
v 0.830278 0.354827 -0.277444
v 0.830278 0.345647 -0.311284
v 0.753915 0.521094 -0.342446
v 0.728338 0.595766 -0.299790
v 0.728338 0.107068 -0.403041
v 0.765491 0.107068 -0.195308
v 0.810349 0.421908 -0.195308
v 0.830278 0.347493 -0.195331
v 0.820558 0.386521 -0.195331
v 0.830278 0.355904 -0.207488
v 0.830278 0.145993 -0.311284
v 0.810349 0.134454 -0.386145
v 0.810349 0.273489 -0.377305
v 0.760522 0.426524 -0.377068
v 0.728338 0.440679 -0.415411
v 0.728338 0.550122 -0.362471
v 0.728338 0.135890 -0.415790
v 0.810349 0.107068 -0.379012
v 0.810349 0.107068 -0.312255
v 0.830278 0.178662 -0.269221
v 0.830278 0.208869 -0.238935
v 0.827474 0.247590 -0.195331
v 0.810349 0.211638 -0.195308
v 0.830278 0.260719 -0.195331
v 0.728338 0.295490 -0.437402
v 0.728338 0.374521 -0.429085
f 1626 1627 1628
f 1626 1628 1636
f 1626 1636 1648
f 1626 1648 1647
f 1626 1647 1658
f 1626 1658 1657
f 1626 1657 1649
f 1626 1649 1637
f 1626 1637 1629
f 1626 1629 1638
f 1626 1638 1655
f 1626 1655 1639
f 1626 1639 1631
f 1626 1631 1627
f 1627 1630 1628
f 1627 1631 1632
f 1627 1632 1633
f 1627 1633 1634
f 1627 1634 1630
f 1628 1630 1635
f 1628 1635 1636
f 1629 1637 1650
f 1629 1650 1651
f 1629 1651 1638
f 1630 1634 1635
f 1631 1639 1640
f 1631 1640 1641
f 1631 1641 1642
f 1631 1642 1632
f 1632 1642 1640
f 1632 1640 1656
f 1632 1656 1653
f 1632 1653 1652
f 1632 1652 1643
f 1632 1643 1634
f 1632 1634 1633
f 1634 1643 1644
f 1634 1644 1645
f 1634 1645 1635
f 1635 1646 1647
f 1635 1647 1648
f 1635 1648 1636
f 1635 1645 1646
f 1637 1649 1650
f 1638 1651 1643
f 1638 1643 1652
f 1638 1652 1653
f 1638 1653 1654
f 1638 1654 1655
f 1639 1655 1656
f 1639 1656 1640
f 1640 1642 1641
f 1643 1651 1650
f 1643 1650 1644
f 1644 1650 1649
f 1644 1649 1657
f 1644 1657 1645
f 1645 1657 1658
f 1645 1658 1647
f 1645 1647 1646
f 1653 1656 1654
f 1654 1656 1655
o hull_028
v 0.765483 0.107068 -0.195328
v 0.810355 0.068362 -0.281099
v 0.810355 0.107068 -0.312211
v 0.728328 0.107068 -0.195328
v 0.810355 -0.038486 -0.195328
v 0.810355 0.107068 -0.379051
v 0.728328 0.107068 -0.403045
v 0.728328 -0.108010 -0.195328
v 0.810355 -0.107361 -0.195328
v 0.810355 -0.013589 -0.347634
v 0.810355 -0.025194 -0.344238
v 0.728328 -0.011104 -0.350684
v 0.728328 -0.106562 -0.205556
v 0.799418 -0.103860 -0.269712
v 0.800124 -0.113715 -0.200310
v 0.767723 -0.111511 -0.195328
v 0.803216 -0.109955 -0.195328
v 0.810355 -0.112786 -0.205617
v 0.810355 -0.103190 -0.274694
v 0.728328 -0.092838 -0.267800
f 1659 1660 1661
f 1659 1661 1664
f 1659 1664 1665
f 1659 1665 1662
f 1659 1662 1666
f 1659 1666 1674
f 1659 1674 1675
f 1659 1675 1667
f 1659 1667 1663
f 1659 1663 1660
f 1660 1663 1667
f 1660 1667 1676
f 1660 1676 1677
f 1660 1677 1669
f 1660 1669 1668
f 1660 1668 1664
f 1660 1664 1661
f 1662 1665 1670
f 1662 1670 1678
f 1662 1678 1671
f 1662 1671 1666
f 1664 1668 1665
f 1665 1668 1669
f 1665 1669 1670
f 1666 1671 1672
f 1666 1672 1673
f 1666 1673 1674
f 1667 1675 1673
f 1667 1673 1676
f 1669 1677 1670
f 1670 1677 1678
f 1671 1678 1672
f 1672 1678 1677
f 1672 1677 1673
f 1673 1675 1674
f 1673 1677 1676
o hull_029
v -1.035219 0.408252 -0.311712
v -0.971501 0.384429 -0.270638
v -1.034428 0.437553 -0.311712
v -1.007050 0.365876 -0.311712
v -0.936531 0.329469 -0.264429
v -0.924705 0.355463 -0.242631
v -0.965315 0.411094 -0.270263
v -1.032618 0.437243 -0.310709
v -1.032689 0.437786 -0.311712
v -0.874008 0.195133 -0.311712
v -0.856400 0.212290 -0.268582
v -0.884130 0.247199 -0.269959
v -0.855697 0.245597 -0.240817
v -0.900701 0.298876 -0.248799
v -0.912685 0.379002 -0.240564
v -0.855697 0.289471 -0.217500
v -0.855697 0.317144 -0.208242
v -0.855697 0.348952 -0.216295
v -0.900191 0.391483 -0.267792
v -0.959130 0.425952 -0.298686
v -1.006277 0.436287 -0.311712
v -0.855697 0.173842 -0.311712
v -0.855697 0.211386 -0.268592
v -0.855697 0.212988 -0.267184
v -0.855697 0.285492 -0.219496
v -0.855697 0.328229 -0.209893
v -0.855697 0.357453 -0.247270
v -0.855697 0.357556 -0.300479
v -0.889068 0.380915 -0.311712
v -0.957425 0.422851 -0.311712
v -0.982677 0.434608 -0.311712
v -0.855697 0.356884 -0.311712
f 1679 1680 1681
f 1679 1681 1687
f 1679 1687 1699
f 1679 1699 1709
f 1679 1709 1708
f 1679 1708 1707
f 1679 1707 1710
f 1679 1710 1700
f 1679 1700 1688
f 1679 1688 1682
f 1679 1682 1683
f 1679 1683 1684
f 1679 1684 1680
f 1680 1685 1681
f 1680 1684 1685
f 1681 1686 1687
f 1681 1685 1686
f 1682 1688 1689
f 1682 1689 1690
f 1682 1690 1691
f 1682 1691 1692
f 1682 1692 1683
f 1683 1692 1684
f 1684 1693 1685
f 1684 1692 1694
f 1684 1694 1695
f 1684 1695 1693
f 1685 1693 1696
f 1685 1696 1697
f 1685 1697 1698
f 1685 1698 1699
f 1685 1699 1686
f 1686 1699 1687
f 1688 1700 1701
f 1688 1701 1689
f 1689 1701 1702
f 1689 1702 1690
f 1690 1702 1691
f 1691 1702 1701
f 1691 1701 1700
f 1691 1700 1710
f 1691 1710 1706
f 1691 1706 1705
f 1691 1705 1696
f 1691 1696 1704
f 1691 1704 1695
f 1691 1695 1694
f 1691 1694 1703
f 1691 1703 1692
f 1692 1703 1694
f 1693 1695 1704
f 1693 1704 1696
f 1696 1705 1697
f 1697 1706 1707
f 1697 1707 1698
f 1697 1705 1706
f 1698 1707 1708
f 1698 1708 1709
f 1698 1709 1699
f 1706 1710 1707
o hull_030
v -1.202914 0.090993 -0.493308
v -1.182353 0.012443 -0.445662
v -1.262153 0.090993 -0.473366
v -1.161141 0.090993 -0.489510
v -1.162909 0.063936 -0.486357
v -1.162467 0.012443 -0.452066
v -1.177143 0.012443 -0.401631
v -1.261897 0.080183 -0.465309
v -1.267549 0.090993 -0.465743
v -1.039313 0.090993 -0.455962
v -1.040150 0.012589 -0.445746
v -1.041174 0.012443 -0.445704
v -1.246081 0.076169 -0.425777
v -1.151280 0.012443 -0.374641
v -1.253385 0.090993 -0.427122
v -1.029940 0.090993 -0.451674
v -1.040150 0.012443 -0.445634
v -1.029940 0.083743 -0.450693
v -1.029940 0.012443 -0.441037
v -1.039592 0.012443 -0.445466
v -1.147140 0.012443 -0.371334
v -1.221427 0.083520 -0.403537
v -1.227172 0.090993 -0.405905
v -1.029940 0.090993 -0.387057
v -1.029940 0.012443 -0.371040
v -1.225032 0.090993 -0.404490
v -1.107577 0.012443 -0.354420
v -1.071479 0.012443 -0.350146
v -1.196192 0.090993 -0.399669
v -1.097017 0.012443 -0.352836
f 1711 1712 1713
f 1711 1713 1719
f 1711 1719 1725
f 1711 1725 1733
f 1711 1733 1736
f 1711 1736 1739
f 1711 1739 1734
f 1711 1734 1726
f 1711 1726 1720
f 1711 1720 1714
f 1711 1714 1715
f 1711 1715 1716
f 1711 1716 1712
f 1712 1717 1718
f 1712 1718 1713
f 1712 1716 1722
f 1712 1722 1727
f 1712 1727 1730
f 1712 1730 1729
f 1712 1729 1735
f 1712 1735 1738
f 1712 1738 1740
f 1712 1740 1737
f 1712 1737 1731
f 1712 1731 1724
f 1712 1724 1717
f 1713 1718 1719
f 1714 1720 1721
f 1714 1721 1715
f 1715 1721 1722
f 1715 1722 1716
f 1717 1723 1718
f 1717 1724 1723
f 1718 1723 1719
f 1719 1723 1725
f 1720 1726 1721
f 1721 1727 1722
f 1721 1726 1728
f 1721 1728 1729
f 1721 1729 1730
f 1721 1730 1727
f 1723 1724 1731
f 1723 1731 1732
f 1723 1732 1725
f 1725 1732 1733
f 1726 1734 1735
f 1726 1735 1729
f 1726 1729 1728
f 1731 1736 1732
f 1731 1737 1736
f 1732 1736 1733
f 1734 1738 1735
f 1734 1739 1738
f 1736 1737 1739
f 1737 1740 1739
f 1738 1739 1740
o hull_031
v 0.180157 0.513444 0.586953
v 0.141546 0.513444 0.616920
v 0.209637 0.635410 0.643250
v 0.266510 0.654882 0.628301
v 0.280911 0.565171 0.586953
v 0.609523 0.513444 0.586953
v 0.097299 0.513444 0.680442
v 0.137580 0.582389 0.684236
v 0.188923 0.657247 0.685162
v 0.254301 0.694380 0.677078
v 0.324270 0.661440 0.625997
v 0.396536 0.595709 0.586953
v 0.517274 0.557948 0.586953
v 0.403997 0.644241 0.644560
v 0.403110 0.652443 0.704853
v 0.609784 0.513444 0.588354
v 0.086029 0.513444 0.742249
v 0.125266 0.584015 0.745410
v 0.180157 0.662309 0.745004
v 0.247518 0.702157 0.737845
v 0.323175 0.697262 0.724161
v 0.327714 0.689189 0.664432
v 0.517065 0.558040 0.586953
v 0.392779 0.629443 0.758056
v 0.575451 0.513444 0.705802
v 0.619072 0.513444 0.643724
v 0.616724 0.513444 0.626246
v 0.098708 0.513444 0.777070
v 0.134032 0.561015 0.795406
v 0.187931 0.634856 0.795316
v 0.250335 0.672211 0.788993
v 0.319053 0.668664 0.776438
v 0.383283 0.582334 0.783461
v 0.499012 0.513444 0.750040
v 0.105648 0.513444 0.792832
v 0.122449 0.513444 0.803581
v 0.154903 0.522256 0.817627
v 0.205776 0.584643 0.816837
v 0.260458 0.615532 0.810965
v 0.319053 0.613056 0.799900
v 0.462436 0.533857 0.760834
v 0.148955 0.513444 0.817153
f 1741 1742 1743
f 1741 1743 1744
f 1741 1744 1745
f 1741 1745 1752
f 1741 1752 1763
f 1741 1763 1753
f 1741 1753 1746
f 1741 1746 1756
f 1741 1756 1767
f 1741 1767 1766
f 1741 1766 1765
f 1741 1765 1774
f 1741 1774 1782
f 1741 1782 1776
f 1741 1776 1775
f 1741 1775 1768
f 1741 1768 1757
f 1741 1757 1747
f 1741 1747 1742
f 1742 1747 1748
f 1742 1748 1749
f 1742 1749 1743
f 1743 1749 1750
f 1743 1750 1744
f 1744 1750 1751
f 1744 1751 1752
f 1744 1752 1745
f 1746 1753 1754
f 1746 1754 1755
f 1746 1755 1756
f 1747 1757 1758
f 1747 1758 1748
f 1748 1758 1749
f 1749 1759 1760
f 1749 1760 1750
f 1749 1758 1759
f 1750 1760 1761
f 1750 1761 1762
f 1750 1762 1751
f 1751 1762 1763
f 1751 1763 1752
f 1753 1763 1754
f 1754 1763 1762
f 1754 1762 1755
f 1755 1764 1765
f 1755 1765 1766
f 1755 1766 1767
f 1755 1767 1756
f 1755 1762 1761
f 1755 1761 1764
f 1757 1768 1758
f 1758 1768 1769
f 1758 1769 1759
f 1759 1769 1770
f 1759 1770 1771
f 1759 1771 1760
f 1760 1771 1772
f 1760 1772 1761
f 1761 1772 1764
f 1764 1773 1774
f 1764 1774 1765
f 1764 1772 1773
f 1768 1775 1769
f 1769 1775 1776
f 1769 1776 1777
f 1769 1777 1770
f 1770 1777 1778
f 1770 1778 1771
f 1771 1779 1772
f 1771 1778 1779
f 1772 1779 1780
f 1772 1780 1773
f 1773 1780 1777
f 1773 1777 1781
f 1773 1781 1774
f 1774 1781 1782
f 1776 1782 1777
f 1777 1780 1778
f 1777 1782 1781
f 1778 1780 1779
o hull_032
v 0.396610 0.595702 0.586931
v 0.438778 0.540918 0.519554
v 0.000027 0.581150 0.519554
v 0.000027 0.566598 0.532916
v -0.000051 0.566514 0.532969
v 0.280963 0.565136 0.586931
v 0.517056 0.557996 0.586931
v 0.573857 0.508661 0.519554
v 0.482992 0.536763 0.519554
v -0.000051 0.581129 0.519554
v -0.000051 0.566326 0.533101
v 0.000027 0.490831 0.586931
v 0.655990 0.491144 0.586931
v 0.681008 0.477051 0.562008
v 0.754172 0.438970 0.540046
v 0.747721 0.436757 0.519554
v 0.671253 0.471080 0.519554
v 0.641279 0.484087 0.519554
v -0.000051 0.382411 0.519554
v -0.000051 0.484421 0.586931
v 0.683132 0.477657 0.586931
v 0.716331 0.461017 0.586931
v 0.759050 0.439116 0.586931
v 0.765894 0.430952 0.586931
v 0.794845 0.387630 0.519554
v 0.785562 0.398675 0.519554
v 0.758735 0.426171 0.519554
v -0.000051 0.382411 0.586931
v 0.180106 0.382411 0.519554
v 0.777695 0.416359 0.586931
v 0.803578 0.382432 0.567937
v 0.799094 0.382432 0.519554
v 0.180106 0.382411 0.586931
v 0.788552 0.391994 0.586931
v 0.791069 0.382432 0.586931
f 1783 1784 1785
f 1783 1785 1786
f 1783 1786 1787
f 1783 1787 1788
f 1783 1788 1794
f 1783 1794 1802
f 1783 1802 1810
f 1783 1810 1815
f 1783 1815 1817
f 1783 1817 1816
f 1783 1816 1812
f 1783 1812 1806
f 1783 1806 1805
f 1783 1805 1804
f 1783 1804 1803
f 1783 1803 1795
f 1783 1795 1789
f 1783 1789 1790
f 1783 1790 1791
f 1783 1791 1784
f 1784 1791 1790
f 1784 1790 1800
f 1784 1800 1799
f 1784 1799 1798
f 1784 1798 1809
f 1784 1809 1808
f 1784 1808 1807
f 1784 1807 1814
f 1784 1814 1811
f 1784 1811 1801
f 1784 1801 1792
f 1784 1792 1785
f 1785 1792 1786
f 1786 1792 1787
f 1787 1792 1801
f 1787 1801 1810
f 1787 1810 1802
f 1787 1802 1793
f 1787 1793 1794
f 1787 1794 1788
f 1789 1795 1796
f 1789 1796 1797
f 1789 1797 1798
f 1789 1798 1799
f 1789 1799 1800
f 1789 1800 1790
f 1793 1802 1794
f 1795 1803 1796
f 1796 1803 1797
f 1797 1803 1804
f 1797 1804 1805
f 1797 1805 1806
f 1797 1806 1807
f 1797 1807 1808
f 1797 1808 1809
f 1797 1809 1798
f 1801 1811 1815
f 1801 1815 1810
f 1806 1812 1813
f 1806 1813 1814
f 1806 1814 1807
f 1811 1814 1813
f 1811 1813 1815
f 1812 1816 1813
f 1813 1816 1817
f 1813 1817 1815
o hull_033
v 0.000018 0.462238 0.586931
v 0.000018 0.382411 0.586953
v 0.000018 0.484414 0.586931
v 0.713866 0.462238 0.586931
v 0.000018 0.382411 0.792492
v 0.791083 0.382411 0.586953
v 0.000018 0.486402 0.590131
v 0.000095 0.490827 0.586931
v 0.683119 0.477642 0.586931
v 0.690166 0.476270 0.619407
v 0.714176 0.462238 0.589545
v 0.759019 0.439113 0.586953
v 0.766531 0.430123 0.586953
v 0.777684 0.416361 0.586953
v 0.788449 0.391992 0.586953
v 0.000018 0.410268 0.782373
v 0.039362 0.382411 0.805969
v 0.149030 0.513438 0.817170
v 0.741670 0.421901 0.646226
v 0.768622 0.382411 0.621232
v 0.000018 0.434086 0.735225
v 0.098843 0.513438 0.777054
v 0.086141 0.513438 0.742257
v 0.097371 0.513438 0.680438
v 0.116346 0.509373 0.586931
v 0.655934 0.491160 0.586931
v 0.616667 0.513438 0.626281
v 0.617597 0.513438 0.633155
v 0.686294 0.478514 0.624162
v 0.716964 0.462238 0.614066
v 0.760335 0.439152 0.599710
v 0.122620 0.513438 0.803535
v 0.105658 0.513438 0.792830
v 0.089471 0.382411 0.801192
v 0.062054 0.399123 0.807682
v 0.107749 0.452683 0.813993
v 0.114255 0.462225 0.814511
v 0.425678 0.390530 0.746697
v 0.430944 0.400187 0.747170
v 0.498945 0.513438 0.750032
v 0.705656 0.393916 0.671986
v 0.674754 0.460353 0.674465
v 0.649661 0.430995 0.701172
v 0.740818 0.382411 0.643139
v 0.141595 0.513438 0.616950
v 0.180242 0.513438 0.586931
v 0.609387 0.513438 0.586931
v 0.609697 0.513438 0.588351
v 0.618913 0.513438 0.643747
v 0.575309 0.513438 0.705837
v 0.104264 0.382411 0.799344
v 0.137025 0.427198 0.803626
v 0.352411 0.382411 0.757177
v 0.446434 0.382411 0.737840
v 0.659961 0.382411 0.680776
v 0.559820 0.479489 0.732048
v 0.701784 0.382411 0.669079
v 0.712007 0.382411 0.664662
f 1818 1819 1822
f 1818 1822 1833
f 1818 1833 1838
f 1818 1838 1824
f 1818 1824 1820
f 1818 1820 1825
f 1818 1825 1842
f 1818 1842 1863
f 1818 1863 1864
f 1818 1864 1843
f 1818 1843 1826
f 1818 1826 1821
f 1818 1821 1823
f 1818 1823 1819
f 1819 1823 1837
f 1819 1837 1861
f 1819 1861 1875
f 1819 1875 1874
f 1819 1874 1872
f 1819 1872 1871
f 1819 1871 1870
f 1819 1870 1868
f 1819 1868 1851
f 1819 1851 1834
f 1819 1834 1822
f 1820 1824 1825
f 1821 1826 1827
f 1821 1827 1828
f 1821 1828 1829
f 1821 1829 1830
f 1821 1830 1831
f 1821 1831 1832
f 1821 1832 1823
f 1822 1834 1835
f 1822 1835 1833
f 1823 1832 1836
f 1823 1836 1837
f 1824 1838 1825
f 1825 1838 1839
f 1825 1839 1840
f 1825 1840 1841
f 1825 1841 1842
f 1826 1843 1844
f 1826 1844 1845
f 1826 1845 1827
f 1827 1845 1846
f 1827 1846 1847
f 1827 1847 1828
f 1828 1847 1829
f 1829 1847 1848
f 1829 1848 1830
f 1830 1848 1831
f 1831 1848 1836
f 1831 1836 1832
f 1833 1835 1849
f 1833 1849 1850
f 1833 1850 1838
f 1834 1851 1852
f 1834 1852 1853
f 1834 1853 1854
f 1834 1854 1835
f 1835 1854 1855
f 1835 1855 1856
f 1835 1856 1857
f 1835 1857 1867
f 1835 1867 1866
f 1835 1866 1845
f 1835 1845 1844
f 1835 1844 1865
f 1835 1865 1864
f 1835 1864 1863
f 1835 1863 1862
f 1835 1862 1841
f 1835 1841 1840
f 1835 1840 1839
f 1835 1839 1850
f 1835 1850 1849
f 1836 1858 1837
f 1836 1848 1859
f 1836 1859 1860
f 1836 1860 1858
f 1837 1858 1861
f 1838 1850 1839
f 1841 1862 1842
f 1842 1862 1863
f 1843 1864 1865
f 1843 1865 1844
f 1845 1866 1846
f 1846 1866 1867
f 1846 1867 1859
f 1846 1859 1847
f 1847 1859 1848
f 1851 1868 1853
f 1851 1853 1852
f 1853 1868 1869
f 1853 1869 1855
f 1853 1855 1854
f 1855 1869 1868
f 1855 1868 1870
f 1855 1870 1871
f 1855 1871 1872
f 1855 1872 1860
f 1855 1860 1873
f 1855 1873 1856
f 1856 1873 1857
f 1857 1873 1867
f 1858 1860 1874
f 1858 1874 1875
f 1858 1875 1861
f 1859 1867 1873
f 1859 1873 1860
f 1860 1872 1874
o hull_034
v 0.214688 0.111577 0.759363
v 0.238435 0.102036 0.759363
v 0.315432 0.153655 0.810063
v 0.285013 0.175659 0.815104
v 0.214688 0.117119 0.762069
v 0.214688 0.382411 0.759363
v 0.263861 0.100713 0.759363
v 0.352719 0.147148 0.802877
v 0.323858 0.174060 0.816219
v 0.306684 0.197333 0.820564
v 0.283407 0.214511 0.821611
v 0.263021 0.206074 0.817051
v 0.214688 0.128811 0.766900
v 0.214688 0.382411 0.774283
v 0.285903 0.382411 0.759363
v 0.352398 0.109316 0.759363
v 0.352818 0.136669 0.791384
v 0.391144 0.153655 0.794089
v 0.381927 0.174060 0.803801
v 0.352472 0.178003 0.812287
v 0.352250 0.243216 0.818308
v 0.287361 0.243133 0.822320
v 0.256522 0.243327 0.817415
v 0.246045 0.243437 0.807579
v 0.214688 0.242968 0.775380
v 0.285013 0.314358 0.815104
v 0.315432 0.337465 0.810063
v 0.352719 0.344028 0.802877
v 0.221162 0.382411 0.773981
v 0.214688 0.375903 0.774523
v 0.263021 0.281875 0.817051
v 0.244662 0.382411 0.768693
v 0.352398 0.380205 0.759363
v 0.383657 0.122110 0.759363
v 0.395369 0.144831 0.782430
v 0.431446 0.167939 0.774517
v 0.422798 0.175659 0.786824
v 0.399446 0.197333 0.801293
v 0.417683 0.243133 0.796764
v 0.399446 0.290920 0.801293
v 0.352472 0.311076 0.812287
v 0.323858 0.315488 0.816219
v 0.306684 0.290920 0.820564
v 0.283407 0.272693 0.821611
v 0.352818 0.355223 0.791384
v 0.381927 0.315488 0.803801
v 0.391144 0.337465 0.794089
v 0.368583 0.373835 0.759363
v 0.395369 0.346923 0.782430
v 0.401275 0.129335 0.759363
v 0.437970 0.161045 0.759363
v 0.460036 0.199842 0.759363
v 0.454476 0.202241 0.769162
v 0.444172 0.206074 0.781407
v 0.422476 0.214511 0.793855
v 0.449781 0.243327 0.780242
v 0.422476 0.272693 0.793855
v 0.422798 0.314358 0.786824
v 0.431446 0.322713 0.774517
v 0.401275 0.360931 0.759363
v 0.467103 0.243354 0.759363
v 0.462087 0.243437 0.767344
v 0.444172 0.281875 0.781407
v 0.454476 0.286067 0.769162
v 0.453068 0.301343 0.759363
v 0.437970 0.328862 0.759363
v 0.463792 0.265138 0.759363
v 0.460036 0.288162 0.759363
f 1876 1877 1878
f 1876 1878 1879
f 1876 1879 1880
f 1876 1880 1888
f 1876 1888 1900
f 1876 1900 1905
f 1876 1905 1889
f 1876 1889 1881
f 1876 1881 1890
f 1876 1890 1908
f 1876 1908 1923
f 1876 1923 1935
f 1876 1935 1941
f 1876 1941 1940
f 1876 1940 1943
f 1876 1943 1942
f 1876 1942 1936
f 1876 1936 1927
f 1876 1927 1926
f 1876 1926 1925
f 1876 1925 1909
f 1876 1909 1891
f 1876 1891 1882
f 1876 1882 1877
f 1877 1882 1878
f 1878 1882 1883
f 1878 1883 1884
f 1878 1884 1879
f 1879 1884 1885
f 1879 1885 1886
f 1879 1886 1887
f 1879 1887 1888
f 1879 1888 1880
f 1881 1889 1904
f 1881 1904 1907
f 1881 1907 1890
f 1882 1891 1892
f 1882 1892 1883
f 1883 1893 1894
f 1883 1894 1895
f 1883 1895 1884
f 1883 1892 1893
f 1884 1895 1896
f 1884 1896 1885
f 1885 1896 1897
f 1885 1897 1886
f 1886 1897 1898
f 1886 1898 1887
f 1887 1898 1888
f 1888 1898 1899
f 1888 1899 1900
f 1889 1901 1902
f 1889 1902 1903
f 1889 1903 1904
f 1889 1905 1898
f 1889 1898 1906
f 1889 1906 1901
f 1890 1907 1908
f 1891 1909 1910
f 1891 1910 1892
f 1892 1910 1893
f 1893 1910 1911
f 1893 1911 1912
f 1893 1912 1894
f 1894 1912 1913
f 1894 1913 1895
f 1895 1913 1896
f 1896 1913 1914
f 1896 1914 1915
f 1896 1915 1916
f 1896 1916 1917
f 1896 1917 1918
f 1896 1918 1897
f 1897 1918 1919
f 1897 1919 1898
f 1898 1919 1906
f 1898 1905 1899
f 1899 1905 1900
f 1901 1918 1917
f 1901 1917 1902
f 1901 1906 1919
f 1901 1919 1918
f 1902 1917 1903
f 1903 1920 1904
f 1903 1917 1916
f 1903 1916 1921
f 1903 1921 1922
f 1903 1922 1920
f 1904 1908 1907
f 1904 1920 1908
f 1908 1920 1924
f 1908 1924 1923
f 1909 1925 1910
f 1910 1925 1911
f 1911 1926 1927
f 1911 1927 1928
f 1911 1928 1929
f 1911 1929 1912
f 1911 1925 1926
f 1912 1929 1930
f 1912 1930 1913
f 1913 1930 1914
f 1914 1930 1931
f 1914 1931 1932
f 1914 1932 1915
f 1915 1933 1921
f 1915 1921 1916
f 1915 1932 1933
f 1920 1922 1924
f 1921 1933 1922
f 1922 1934 1924
f 1922 1933 1934
f 1923 1924 1935
f 1924 1934 1935
f 1927 1936 1928
f 1928 1936 1937
f 1928 1937 1929
f 1929 1937 1931
f 1929 1931 1930
f 1931 1937 1938
f 1931 1938 1932
f 1932 1938 1933
f 1933 1938 1934
f 1934 1938 1939
f 1934 1939 1940
f 1934 1940 1941
f 1934 1941 1935
f 1936 1942 1939
f 1936 1939 1937
f 1937 1939 1938
f 1939 1943 1940
f 1939 1942 1943
o hull_035
v 0.517648 0.382411 0.708191
v 0.495653 0.382411 0.720139
v 0.518007 0.381929 0.708191
v -0.000130 0.382411 0.708191
v 0.523646 0.370298 0.708191
v 0.478426 0.382411 0.728707
v 0.491500 0.377521 0.723643
v -0.000130 0.003974 0.708191
v -0.000130 0.382411 0.759362
v 0.459969 0.288098 0.759362
v 0.463763 0.265131 0.759362
v 0.466993 0.243349 0.759362
v 0.523493 0.361222 0.708191
v 0.466788 0.382411 0.732297
v 0.437974 0.328809 0.759362
v 0.452996 0.301322 0.759362
v -0.000130 0.003974 0.746160
v 0.339894 0.003974 0.708191
v -0.000130 0.205009 0.759362
v -0.000079 0.353517 0.803037
v -0.000079 0.382374 0.778585
v -0.000027 0.382374 0.792506
v 0.039348 0.382374 0.805985
v 0.138915 0.382411 0.787001
v 0.104154 0.382374 0.799370
v 0.089388 0.382374 0.801198
v 0.459969 0.199749 0.759362
v 0.498627 0.182857 0.708191
v 0.508265 0.242794 0.708191
v 0.446382 0.382411 0.737869
v 0.401213 0.360926 0.759362
v 0.044834 0.003974 0.753196
v 0.430027 0.063947 0.708191
v 0.424798 0.081247 0.720770
v 0.401213 0.129329 0.759362
v 0.280523 0.003974 0.729138
v 0.099027 0.003974 0.758347
v 0.000024 0.353443 0.803027
v 0.181059 0.003974 0.755867
v 0.186340 0.003974 0.755657
v 0.437974 0.161039 0.759362
v 0.352301 0.382411 0.757198
v 0.352404 0.380188 0.759362
v 0.471095 0.104695 0.708191
f 1944 1945 1946
f 1944 1946 1948
f 1944 1948 1956
f 1944 1956 1972
f 1944 1972 1971
f 1944 1971 1987
f 1944 1987 1976
f 1944 1976 1961
f 1944 1961 1951
f 1944 1951 1947
f 1944 1947 1952
f 1944 1952 1967
f 1944 1967 1985
f 1944 1985 1973
f 1944 1973 1957
f 1944 1957 1949
f 1944 1949 1945
f 1945 1948 1946
f 1945 1949 1950
f 1945 1950 1948
f 1947 1951 1960
f 1947 1960 1962
f 1947 1962 1952
f 1948 1950 1953
f 1948 1953 1954
f 1948 1954 1955
f 1948 1955 1956
f 1949 1957 1958
f 1949 1958 1959
f 1949 1959 1953
f 1949 1953 1950
f 1951 1961 1979
f 1951 1979 1983
f 1951 1983 1982
f 1951 1982 1980
f 1951 1980 1975
f 1951 1975 1960
f 1952 1962 1963
f 1952 1963 1964
f 1952 1964 1965
f 1952 1965 1966
f 1952 1966 1967
f 1953 1959 1968
f 1953 1968 1969
f 1953 1969 1954
f 1954 1969 1955
f 1955 1970 1971
f 1955 1971 1972
f 1955 1972 1956
f 1955 1969 1970
f 1957 1973 1974
f 1957 1974 1958
f 1958 1974 1968
f 1958 1968 1959
f 1960 1975 1963
f 1960 1963 1962
f 1961 1976 1977
f 1961 1977 1978
f 1961 1978 1979
f 1963 1965 1964
f 1963 1975 1980
f 1963 1980 1981
f 1963 1981 1966
f 1963 1966 1965
f 1966 1981 1980
f 1966 1980 1982
f 1966 1982 1983
f 1966 1983 1978
f 1966 1978 1984
f 1966 1984 1970
f 1966 1970 1969
f 1966 1969 1967
f 1967 1969 1968
f 1967 1968 1985
f 1968 1974 1986
f 1968 1986 1985
f 1970 1984 1987
f 1970 1987 1971
f 1973 1985 1986
f 1973 1986 1974
f 1976 1987 1984
f 1976 1984 1977
f 1977 1984 1978
f 1978 1983 1979
o hull_036
v 0.803544 0.382411 0.567944
v 0.809329 0.285764 0.523148
v 0.804653 0.335143 0.519548
v 0.799186 0.382263 0.519548
v 0.799106 0.382411 0.519548
v 0.768678 0.382411 0.621196
v 0.776681 0.370705 0.613828
v 0.809091 0.285727 0.519548
v 0.780405 0.285505 0.574757
v 0.752512 0.185376 0.549054
v 0.805604 0.272725 0.519548
v 0.807902 0.281023 0.519548
v -0.000051 0.382411 0.519548
v 0.740943 0.382411 0.643113
v 0.730404 0.349146 0.643446
v 0.731592 0.279096 0.615786
v 0.708295 0.196156 0.599408
v 0.659006 0.117735 0.602934
v 0.694111 0.094879 0.554187
v 0.765270 0.179153 0.519548
v -0.000051 0.003974 0.519548
v -0.000051 0.382411 0.708183
v 0.712019 0.382411 0.664643
v 0.476987 0.107659 0.706595
v 0.612650 0.127329 0.636392
v 0.587213 0.050130 0.618482
v 0.613046 0.019940 0.574259
v 0.704095 0.082358 0.519548
v -0.000051 0.003974 0.708183
v 0.631113 0.003974 0.519548
v 0.517718 0.382411 0.708183
v 0.701876 0.382411 0.669056
v 0.547196 0.067948 0.649705
v 0.471123 0.104695 0.708183
v 0.468984 0.023533 0.667801
v 0.489666 0.003974 0.645791
v 0.509714 0.003974 0.634915
v 0.587134 0.003974 0.578856
v 0.596722 0.003974 0.567390
v 0.619068 0.003974 0.539840
v 0.629845 0.003974 0.522096
v 0.631113 0.003974 0.519954
v 0.632619 0.005344 0.519548
v 0.339898 0.003974 0.708183
v 0.517955 0.381929 0.708183
v 0.641969 0.382411 0.684659
v 0.660037 0.382411 0.680745
v 0.498620 0.182857 0.708183
v 0.429997 0.063947 0.708183
v 0.400756 0.003974 0.687318
v 0.376904 0.003974 0.696495
v 0.523581 0.370298 0.708183
v 0.523581 0.361259 0.708183
v 0.508367 0.242794 0.708183
f 1988 1989 1990
f 1988 1990 1991
f 1988 1991 1992
f 1988 1992 2000
f 1988 2000 2009
f 1988 2009 2018
f 1988 2018 2033
f 1988 2033 2034
f 1988 2034 2019
f 1988 2019 2010
f 1988 2010 2001
f 1988 2001 1993
f 1988 1993 1994
f 1988 1994 1989
f 1989 1995 1990
f 1989 1994 1996
f 1989 1996 1997
f 1989 1997 1998
f 1989 1998 1999
f 1989 1999 1995
f 1990 1995 1999
f 1990 1999 1998
f 1990 1998 2007
f 1990 2007 2015
f 1990 2015 2030
f 1990 2030 2017
f 1990 2017 2008
f 1990 2008 2000
f 1990 2000 1992
f 1990 1992 1991
f 1993 2001 1994
f 1994 2001 2002
f 1994 2002 2003
f 1994 2003 1996
f 1996 2003 2004
f 1996 2004 1997
f 1997 2004 2005
f 1997 2005 2006
f 1997 2006 2007
f 1997 2007 1998
f 2000 2008 2016
f 2000 2016 2009
f 2001 2010 2002
f 2002 2010 2011
f 2002 2011 2012
f 2002 2012 2005
f 2002 2005 2003
f 2003 2005 2004
f 2005 2012 2013
f 2005 2013 2014
f 2005 2014 2006
f 2006 2015 2007
f 2006 2014 2015
f 2008 2017 2029
f 2008 2029 2028
f 2008 2028 2027
f 2008 2027 2026
f 2008 2026 2025
f 2008 2025 2024
f 2008 2024 2023
f 2008 2023 2037
f 2008 2037 2038
f 2008 2038 2031
f 2008 2031 2016
f 2009 2016 2031
f 2009 2031 2036
f 2009 2036 2021
f 2009 2021 2035
f 2009 2035 2041
f 2009 2041 2040
f 2009 2040 2039
f 2009 2039 2032
f 2009 2032 2018
f 2010 2019 2011
f 2011 2020 2012
f 2011 2019 2021
f 2011 2021 2020
f 2012 2020 2013
f 2013 2020 2022
f 2013 2022 2023
f 2013 2023 2024
f 2013 2024 2014
f 2014 2024 2025
f 2014 2025 2026
f 2014 2026 2027
f 2014 2027 2028
f 2014 2028 2015
f 2015 2028 2029
f 2015 2029 2030
f 2017 2030 2029
f 2018 2032 2033
f 2019 2034 2035
f 2019 2035 2021
f 2020 2021 2022
f 2021 2036 2022
f 2022 2036 2037
f 2022 2037 2023
f 2031 2038 2036
f 2032 2039 2033
f 2033 2039 2040
f 2033 2040 2041
f 2033 2041 2035
f 2033 2035 2034
f 2036 2038 2037
o hull_037
v -0.105813 0.450499 0.813747
v -0.000130 0.353500 0.803031
v -0.105813 0.513777 0.792851
v -0.105813 0.004027 0.758138
v -0.099016 0.004027 0.758336
v -0.000130 0.410216 0.782393
v -0.044799 0.004027 0.753187
v -0.000130 0.004027 0.746149
v -0.105813 0.532345 0.768576
v -0.105813 0.004027 0.610654
v -0.000130 0.410323 0.782234
v -0.105813 0.548991 0.743843
v -0.000130 0.004027 0.610654
v -0.105813 0.493929 0.610654
v -0.000130 0.434065 0.735234
v -0.000130 0.462610 0.610654
v -0.105813 0.528023 0.681235
f 2042 2043 2044
f 2042 2044 2050
f 2042 2050 2053
f 2042 2053 2058
f 2042 2058 2055
f 2042 2055 2051
f 2042 2051 2045
f 2042 2045 2046
f 2042 2046 2043
f 2043 2047 2044
f 2043 2046 2048
f 2043 2048 2049
f 2043 2049 2054
f 2043 2054 2057
f 2043 2057 2056
f 2043 2056 2052
f 2043 2052 2047
f 2044 2047 2050
f 2045 2051 2054
f 2045 2054 2049
f 2045 2049 2048
f 2045 2048 2046
f 2047 2052 2053
f 2047 2053 2050
f 2051 2055 2057
f 2051 2057 2054
f 2052 2056 2053
f 2053 2057 2058
f 2053 2056 2057
f 2055 2058 2057
o hull_038
v -0.154897 0.522235 0.817627
v -0.107645 0.452664 0.814000
v -0.105813 0.450517 0.813757
v -0.134025 0.560945 0.795402
v -0.187878 0.634810 0.795321
v -0.205720 0.584628 0.816837
v -0.225792 0.243146 0.784178
v -0.181007 0.003974 0.755855
v -0.105813 0.003974 0.758145
v -0.105813 0.513782 0.792849
v -0.125251 0.583957 0.745401
v -0.180114 0.662317 0.744996
v -0.225792 0.657553 0.791472
v -0.225792 0.624009 0.804296
v -0.225792 0.595966 0.814669
v -0.225792 0.121111 0.765641
v -0.186328 0.003974 0.755653
v -0.105813 0.003974 0.610674
v -0.105813 0.532366 0.768578
v -0.105813 0.549004 0.743841
v -0.105813 0.528005 0.681239
v -0.137584 0.582347 0.684237
v -0.188865 0.657218 0.685149
v -0.225792 0.689353 0.740134
v -0.225792 0.003974 0.744145
v -0.197533 0.003974 0.752452
v -0.105813 0.493924 0.610674
v -0.225792 0.003974 0.610674
v -0.209631 0.635414 0.643232
v -0.225792 0.678217 0.680590
v -0.225792 0.571009 0.610674
v -0.225792 0.640915 0.638997
f 2059 2060 2061
f 2059 2061 2062
f 2059 2062 2063
f 2059 2063 2064
f 2059 2064 2065
f 2059 2065 2060
f 2060 2065 2066
f 2060 2066 2067
f 2060 2067 2061
f 2061 2068 2062
f 2061 2067 2076
f 2061 2076 2085
f 2061 2085 2079
f 2061 2079 2078
f 2061 2078 2077
f 2061 2077 2068
f 2062 2069 2070
f 2062 2070 2063
f 2062 2068 2069
f 2063 2070 2071
f 2063 2071 2064
f 2064 2071 2072
f 2064 2072 2073
f 2064 2073 2065
f 2065 2074 2075
f 2065 2075 2066
f 2065 2073 2072
f 2065 2072 2071
f 2065 2071 2082
f 2065 2082 2088
f 2065 2088 2090
f 2065 2090 2089
f 2065 2089 2086
f 2065 2086 2083
f 2065 2083 2074
f 2066 2075 2084
f 2066 2084 2083
f 2066 2083 2086
f 2066 2086 2076
f 2066 2076 2067
f 2068 2077 2069
f 2069 2077 2078
f 2069 2078 2079
f 2069 2079 2080
f 2069 2080 2081
f 2069 2081 2070
f 2070 2081 2082
f 2070 2082 2071
f 2074 2083 2084
f 2074 2084 2075
f 2076 2086 2089
f 2076 2089 2085
f 2079 2085 2080
f 2080 2085 2081
f 2081 2087 2088
f 2081 2088 2082
f 2081 2085 2087
f 2085 2089 2090
f 2085 2090 2087
f 2087 2090 2088
o hull_039
v -0.225804 0.003974 0.519548
v -0.000152 0.003974 0.519548
v -0.225804 0.003974 0.610654
v -0.225804 0.550699 0.519548
v -0.000152 0.003974 0.610654
v -0.000152 0.581151 0.519548
v -0.225804 0.571038 0.610654
v -0.000152 0.462619 0.610654
v -0.000152 0.566518 0.532960
v -0.000152 0.566348 0.533094
f 2091 2092 2095
f 2091 2095 2093
f 2091 2093 2097
f 2091 2097 2094
f 2091 2094 2096
f 2091 2096 2092
f 2092 2096 2099
f 2092 2099 2100
f 2092 2100 2098
f 2092 2098 2095
f 2093 2095 2098
f 2093 2098 2097
f 2094 2097 2096
f 2096 2097 2099
f 2097 2100 2099
f 2097 2098 2100
o hull_040
v -1.125250 0.469465 -0.385887
v -1.132258 0.456648 -0.438413
v -1.165117 0.452231 -0.447990
v -1.225000 0.444152 -0.465473
v -1.165117 0.459379 -0.417564
v -1.165117 0.462864 -0.401194
v -1.125964 0.469401 -0.385887
v -1.165117 0.448071 -0.385874
v -1.035111 0.442787 -0.385887
v -1.035195 0.440073 -0.397171
v -1.035824 0.355912 -0.450090
v -1.140316 0.378108 -0.487308
v -1.165117 0.378558 -0.492445
v -1.235365 0.379795 -0.506993
v -1.299403 0.344653 -0.505652
v -1.293276 0.387022 -0.470748
v -1.213082 0.454849 -0.419930
v -1.178587 0.440764 -0.385874
v -1.165117 0.404465 -0.385874
v -0.893649 0.310105 -0.385887
v -1.013037 0.432781 -0.385887
v -0.893900 0.310105 -0.386077
v -1.036454 0.310105 -0.454796
v -1.145645 0.310105 -0.494633
v -1.243674 0.305399 -0.515115
v -1.280057 0.305399 -0.515089
v -1.299864 0.305399 -0.512711
v -1.316356 0.305399 -0.498352
v -1.318622 0.305399 -0.490408
v -1.322273 0.305399 -0.467864
v -1.321098 0.305399 -0.463980
v -1.278798 0.394491 -0.433049
v -1.195247 0.437872 -0.393616
v -1.254291 0.381321 -0.411113
v -1.277539 0.305399 -0.415363
v -1.170866 0.408673 -0.385874
v -1.132678 0.380453 -0.385887
v -1.027515 0.310105 -0.385887
v -1.243716 0.305399 -0.411479
v -1.219293 0.305399 -0.421562
v -1.165117 0.305399 -0.453442
v -1.165117 0.305399 -0.498985
v -1.308341 0.305399 -0.434782
f 2101 2102 2103
f 2101 2103 2104
f 2101 2104 2105
f 2101 2105 2106
f 2101 2106 2107
f 2101 2107 2108
f 2101 2108 2109
f 2101 2109 2110
f 2101 2110 2102
f 2102 2110 2111
f 2102 2111 2112
f 2102 2112 2113
f 2102 2113 2114
f 2102 2114 2104
f 2102 2104 2103
f 2104 2114 2115
f 2104 2115 2116
f 2104 2116 2117
f 2104 2117 2105
f 2105 2117 2106
f 2106 2117 2107
f 2107 2117 2118
f 2107 2118 2108
f 2108 2119 2120
f 2108 2120 2121
f 2108 2121 2109
f 2108 2118 2136
f 2108 2136 2119
f 2109 2121 2110
f 2110 2121 2122
f 2110 2122 2111
f 2111 2122 2123
f 2111 2123 2112
f 2112 2123 2124
f 2112 2124 2113
f 2113 2124 2114
f 2114 2125 2126
f 2114 2126 2127
f 2114 2127 2115
f 2114 2124 2125
f 2115 2127 2128
f 2115 2128 2129
f 2115 2129 2116
f 2116 2129 2130
f 2116 2130 2131
f 2116 2131 2132
f 2116 2132 2117
f 2117 2133 2118
f 2117 2132 2133
f 2118 2133 2134
f 2118 2134 2135
f 2118 2135 2136
f 2119 2137 2138
f 2119 2138 2120
f 2119 2136 2137
f 2120 2138 2139
f 2120 2139 2140
f 2120 2140 2141
f 2120 2141 2142
f 2120 2142 2122
f 2120 2122 2121
f 2122 2142 2123
f 2123 2142 2124
f 2124 2142 2125
f 2125 2142 2141
f 2125 2141 2140
f 2125 2140 2139
f 2125 2139 2135
f 2125 2135 2143
f 2125 2143 2131
f 2125 2131 2130
f 2125 2130 2129
f 2125 2129 2128
f 2125 2128 2127
f 2125 2127 2126
f 2131 2143 2132
f 2132 2143 2134
f 2132 2134 2133
f 2134 2143 2135
f 2135 2139 2137
f 2135 2137 2136
f 2137 2139 2138
o hull_041
v -0.445400 0.554253 0.559059
v -0.521439 0.554253 0.581781
v -0.324244 0.661445 0.626001
v -0.266505 0.654871 0.628303
v -0.281618 0.554253 0.582007
v -0.536331 0.554253 0.604704
v -0.404005 0.644243 0.644569
v -0.327714 0.689202 0.664439
v -0.254263 0.694386 0.677077
v -0.225804 0.640942 0.638989
v -0.225804 0.554253 0.602727
v -0.543083 0.554253 0.632007
v -0.403122 0.652439 0.704854
v -0.323140 0.697253 0.724174
v -0.247480 0.702161 0.737837
v -0.225804 0.678212 0.680580
v -0.225804 0.554253 0.806556
v -0.548131 0.554253 0.664164
v -0.392773 0.629445 0.758058
v -0.506799 0.554253 0.725700
v -0.319069 0.668670 0.776426
v -0.250319 0.672218 0.788989
v -0.225804 0.689347 0.740140
v -0.225804 0.595983 0.814689
v -0.429151 0.554253 0.770370
v -0.383339 0.582343 0.783458
v -0.319038 0.613069 0.799899
v -0.260447 0.615545 0.810960
v -0.225804 0.624073 0.804304
v -0.225804 0.657550 0.791466
f 2144 2145 2146
f 2144 2146 2147
f 2144 2147 2148
f 2144 2148 2154
f 2144 2154 2160
f 2144 2160 2168
f 2144 2168 2163
f 2144 2163 2161
f 2144 2161 2155
f 2144 2155 2149
f 2144 2149 2145
f 2145 2149 2150
f 2145 2150 2151
f 2145 2151 2146
f 2146 2151 2152
f 2146 2152 2147
f 2147 2152 2153
f 2147 2153 2154
f 2147 2154 2148
f 2149 2155 2150
f 2150 2156 2151
f 2150 2155 2156
f 2151 2156 2157
f 2151 2157 2152
f 2152 2158 2159
f 2152 2159 2153
f 2152 2157 2158
f 2153 2159 2166
f 2153 2166 2173
f 2153 2173 2172
f 2153 2172 2167
f 2153 2167 2160
f 2153 2160 2154
f 2155 2161 2156
f 2156 2162 2157
f 2156 2161 2163
f 2156 2163 2162
f 2157 2162 2164
f 2157 2164 2158
f 2158 2165 2166
f 2158 2166 2159
f 2158 2164 2165
f 2160 2167 2168
f 2162 2169 2164
f 2162 2163 2168
f 2162 2168 2169
f 2164 2169 2170
f 2164 2170 2171
f 2164 2171 2165
f 2165 2171 2167
f 2165 2167 2172
f 2165 2172 2173
f 2165 2173 2166
f 2167 2171 2170
f 2167 2170 2169
f 2167 2169 2168
o hull_042
v -0.799539 0.379412 0.519548
v -0.803669 0.379412 0.564894
v -0.799200 0.382271 0.519548
v -0.225804 0.379412 0.519548
v -0.803556 0.382390 0.567928
v -0.803782 0.379412 0.566551
v -0.794900 0.387611 0.519548
v -0.225804 0.550727 0.519548
v -0.225804 0.379412 0.772041
v -0.796710 0.379412 0.579700
v -0.741719 0.421894 0.646230
v -0.760445 0.439164 0.599704
v -0.785678 0.398668 0.519548
v -0.281644 0.554253 0.582004
v -0.225804 0.554253 0.602738
v -0.438869 0.540953 0.519548
v -0.445431 0.554253 0.559050
v -0.225804 0.387063 0.773558
v -0.352421 0.379412 0.760156
v -0.770799 0.379412 0.619314
v -0.705680 0.393909 0.671965
v -0.649726 0.431000 0.701156
v -0.674789 0.460371 0.674437
v -0.754165 0.438959 0.540057
v -0.506816 0.554253 0.725683
v -0.686387 0.478514 0.624147
v -0.548116 0.554253 0.664154
v -0.758805 0.426156 0.519548
v -0.225804 0.554253 0.806570
v -0.482998 0.536777 0.519548
v -0.521017 0.554253 0.581638
v -0.225804 0.525977 0.801063
v -0.429194 0.554253 0.770355
v -0.462461 0.533850 0.760830
v -0.431004 0.400191 0.747176
v -0.425800 0.390520 0.746699
v -0.454257 0.379412 0.734561
v -0.750148 0.379412 0.635553
v -0.713714 0.379412 0.662750
v -0.700871 0.379412 0.668284
v -0.660702 0.379412 0.679466
v -0.559884 0.479490 0.732061
v -0.747829 0.436751 0.519548
v -0.543081 0.554253 0.632013
v -0.536349 0.554253 0.604705
v -0.521413 0.554253 0.581779
v -0.573915 0.508690 0.519548
v -0.671225 0.471069 0.519548
v -0.641297 0.484060 0.519548
f 2174 2175 2176
f 2174 2176 2180
f 2174 2180 2186
f 2174 2186 2201
f 2174 2201 2216
f 2174 2216 2221
f 2174 2221 2222
f 2174 2222 2220
f 2174 2220 2203
f 2174 2203 2189
f 2174 2189 2181
f 2174 2181 2177
f 2174 2177 2182
f 2174 2182 2192
f 2174 2192 2210
f 2174 2210 2214
f 2174 2214 2213
f 2174 2213 2212
f 2174 2212 2211
f 2174 2211 2193
f 2174 2193 2183
f 2174 2183 2179
f 2174 2179 2175
f 2175 2178 2176
f 2175 2179 2178
f 2176 2178 2180
f 2177 2181 2188
f 2177 2188 2202
f 2177 2202 2205
f 2177 2205 2191
f 2177 2191 2182
f 2178 2179 2183
f 2178 2183 2184
f 2178 2184 2185
f 2178 2185 2180
f 2180 2185 2186
f 2181 2187 2188
f 2181 2189 2190
f 2181 2190 2187
f 2182 2191 2192
f 2183 2193 2184
f 2184 2193 2194
f 2184 2194 2195
f 2184 2195 2196
f 2184 2196 2185
f 2185 2197 2186
f 2185 2196 2198
f 2185 2198 2199
f 2185 2199 2200
f 2185 2200 2197
f 2186 2197 2201
f 2187 2190 2204
f 2187 2204 2219
f 2187 2219 2218
f 2187 2218 2217
f 2187 2217 2200
f 2187 2200 2198
f 2187 2198 2206
f 2187 2206 2202
f 2187 2202 2188
f 2189 2203 2190
f 2190 2203 2204
f 2191 2205 2192
f 2192 2205 2202
f 2192 2202 2206
f 2192 2206 2207
f 2192 2207 2208
f 2192 2208 2209
f 2192 2209 2210
f 2193 2211 2194
f 2194 2211 2212
f 2194 2212 2213
f 2194 2213 2195
f 2195 2213 2214
f 2195 2214 2209
f 2195 2209 2215
f 2195 2215 2196
f 2196 2215 2198
f 2197 2216 2201
f 2197 2200 2217
f 2197 2217 2218
f 2197 2218 2216
f 2198 2200 2199
f 2198 2215 2206
f 2203 2219 2204
f 2203 2220 2219
f 2206 2215 2207
f 2207 2215 2208
f 2208 2215 2209
f 2209 2214 2210
f 2216 2218 2221
f 2218 2219 2221
f 2219 2220 2222
f 2219 2222 2221
o hull_043
v -0.536474 0.367378 0.702006
v -0.536443 0.354737 0.702006
v -0.449774 0.243316 0.780229
v -0.444179 0.281865 0.781395
v -0.533767 0.379395 0.702006
v -0.491984 0.119915 0.702006
v -0.454458 0.202195 0.769147
v -0.444179 0.206053 0.781395
v -0.462091 0.243426 0.767333
v -0.422466 0.214468 0.793855
v -0.417692 0.243132 0.796764
v -0.422466 0.272678 0.793855
v -0.422801 0.314351 0.786812
v -0.486601 0.379395 0.725560
v -0.225804 0.379395 0.702006
v -0.391144 0.337465 0.794079
v -0.480641 0.102606 0.702006
v -0.422801 0.175662 0.786812
v -0.399446 0.197307 0.801286
v -0.352280 0.243206 0.818304
v -0.399446 0.290905 0.801286
v -0.381930 0.315453 0.803795
v -0.482192 0.379395 0.726926
v -0.352736 0.344006 0.802876
v -0.225804 0.003974 0.702006
v -0.225804 0.379395 0.772044
v -0.453849 0.075964 0.702006
v -0.391144 0.153650 0.794079
v -0.381930 0.174045 0.803795
v -0.352493 0.178014 0.812286
v -0.323877 0.174045 0.816220
v -0.306695 0.197307 0.820565
v -0.287354 0.243132 0.822320
v -0.306695 0.290905 0.820565
v -0.323877 0.315453 0.816220
v -0.352493 0.311080 0.812286
v -0.454214 0.379395 0.734569
v -0.352827 0.355215 0.791382
v -0.315453 0.337465 0.810060
v -0.225804 0.003974 0.744156
v -0.357419 0.003974 0.702006
v -0.352432 0.379395 0.760184
v -0.285013 0.314351 0.815101
v -0.263026 0.281865 0.817056
v -0.256518 0.243316 0.817409
v -0.246057 0.243426 0.807575
v -0.225804 0.243132 0.784186
v -0.434265 0.057590 0.702006
v -0.352736 0.147145 0.802876
v -0.280573 0.003974 0.729128
v -0.285013 0.175662 0.815101
v -0.315453 0.153650 0.810060
v -0.283431 0.214468 0.821613
v -0.283431 0.272678 0.821613
v -0.225804 0.121128 0.765649
v -0.263026 0.206053 0.817056
f 2223 2224 2225
f 2223 2225 2226
f 2223 2226 2227
f 2223 2227 2237
f 2223 2237 2247
f 2223 2247 2263
f 2223 2263 2270
f 2223 2270 2249
f 2223 2249 2239
f 2223 2239 2228
f 2223 2228 2224
f 2224 2228 2229
f 2224 2229 2230
f 2224 2230 2231
f 2224 2231 2225
f 2225 2231 2230
f 2225 2230 2232
f 2225 2232 2233
f 2225 2233 2234
f 2225 2234 2226
f 2226 2234 2235
f 2226 2235 2227
f 2227 2236 2245
f 2227 2245 2259
f 2227 2259 2264
f 2227 2264 2248
f 2227 2248 2237
f 2227 2235 2238
f 2227 2238 2236
f 2228 2239 2240
f 2228 2240 2230
f 2228 2230 2229
f 2230 2240 2232
f 2232 2240 2241
f 2232 2241 2233
f 2233 2242 2243
f 2233 2243 2234
f 2233 2241 2242
f 2234 2243 2235
f 2235 2243 2244
f 2235 2244 2238
f 2236 2238 2246
f 2236 2246 2245
f 2237 2248 2269
f 2237 2269 2277
f 2237 2277 2262
f 2237 2262 2247
f 2238 2244 2246
f 2239 2249 2250
f 2239 2250 2240
f 2240 2250 2251
f 2240 2251 2241
f 2241 2251 2252
f 2241 2252 2242
f 2242 2252 2253
f 2242 2253 2254
f 2242 2254 2255
f 2242 2255 2256
f 2242 2256 2257
f 2242 2257 2258
f 2242 2258 2243
f 2243 2258 2244
f 2244 2258 2246
f 2245 2246 2260
f 2245 2260 2259
f 2246 2258 2257
f 2246 2257 2261
f 2246 2261 2248
f 2246 2248 2260
f 2247 2262 2272
f 2247 2272 2263
f 2248 2264 2260
f 2248 2261 2265
f 2248 2265 2266
f 2248 2266 2267
f 2248 2267 2268
f 2248 2268 2269
f 2249 2270 2250
f 2250 2271 2251
f 2250 2270 2263
f 2250 2263 2272
f 2250 2272 2271
f 2251 2271 2252
f 2252 2271 2253
f 2253 2273 2254
f 2253 2271 2274
f 2253 2274 2273
f 2254 2275 2255
f 2254 2273 2275
f 2255 2267 2276
f 2255 2276 2256
f 2255 2275 2267
f 2256 2276 2265
f 2256 2265 2257
f 2257 2265 2261
f 2259 2260 2264
f 2262 2277 2278
f 2262 2278 2273
f 2262 2273 2274
f 2262 2274 2271
f 2262 2271 2272
f 2265 2276 2266
f 2266 2276 2267
f 2267 2275 2278
f 2267 2278 2268
f 2268 2278 2277
f 2268 2277 2269
f 2273 2278 2275
o hull_044
v -0.225804 0.379395 0.702006
v -0.225804 0.003974 0.702006
v -0.225804 0.379395 0.519548
v -0.533773 0.379395 0.702006
v -0.225804 0.003974 0.519548
v -0.357424 0.003974 0.702006
v -0.799582 0.379395 0.519548
v -0.645855 0.379395 0.682699
v -0.536458 0.367378 0.702006
v -0.631173 0.003974 0.519548
v -0.434316 0.057590 0.702006
v -0.376904 0.003974 0.696505
v -0.804609 0.335150 0.519548
v -0.803638 0.379395 0.564876
v -0.536401 0.354737 0.702006
v -0.660708 0.379395 0.679484
v -0.492013 0.119915 0.702006
v -0.631173 0.003974 0.519958
v -0.632659 0.005334 0.519548
v -0.400783 0.003974 0.687325
v -0.453910 0.075964 0.702006
v -0.469049 0.023524 0.667786
v -0.809122 0.285724 0.519548
v -0.809408 0.285760 0.523155
v -0.803752 0.379395 0.566555
v -0.700868 0.379395 0.668286
v -0.480702 0.102606 0.702006
v -0.713721 0.379395 0.662714
v -0.730459 0.349151 0.643443
v -0.612607 0.127338 0.636406
v -0.619063 0.003974 0.539837
v -0.613064 0.019923 0.574253
v -0.704067 0.082358 0.519548
v -0.489728 0.003974 0.645783
v -0.547198 0.067953 0.649712
v -0.587186 0.050167 0.618474
v -0.807923 0.281020 0.519548
v -0.780445 0.285503 0.574753
v -0.776675 0.370722 0.613813
v -0.805638 0.272715 0.519548
v -0.765306 0.179153 0.519548
v -0.752567 0.185364 0.549052
v -0.796669 0.379395 0.579700
v -0.750168 0.379395 0.635549
v -0.731602 0.279072 0.615795
v -0.658994 0.117710 0.602936
v -0.596726 0.003974 0.567395
v -0.694127 0.094889 0.554178
v -0.587186 0.003974 0.578861
v -0.509780 0.003974 0.634906
v -0.708294 0.196168 0.599400
v -0.770791 0.379395 0.619296
f 2279 2280 2283
f 2279 2283 2281
f 2279 2281 2285
f 2279 2285 2292
f 2279 2292 2303
f 2279 2303 2321
f 2279 2321 2330
f 2279 2330 2322
f 2279 2322 2306
f 2279 2306 2304
f 2279 2304 2294
f 2279 2294 2286
f 2279 2286 2282
f 2279 2282 2287
f 2279 2287 2293
f 2279 2293 2295
f 2279 2295 2305
f 2279 2305 2299
f 2279 2299 2289
f 2279 2289 2284
f 2279 2284 2280
f 2280 2284 2290
f 2280 2290 2298
f 2280 2298 2312
f 2280 2312 2328
f 2280 2328 2327
f 2280 2327 2325
f 2280 2325 2309
f 2280 2309 2296
f 2280 2296 2288
f 2280 2288 2283
f 2281 2283 2288
f 2281 2288 2297
f 2281 2297 2311
f 2281 2311 2319
f 2281 2319 2318
f 2281 2318 2315
f 2281 2315 2301
f 2281 2301 2291
f 2281 2291 2285
f 2282 2286 2287
f 2284 2289 2290
f 2285 2291 2292
f 2286 2293 2287
f 2286 2294 2295
f 2286 2295 2293
f 2288 2296 2297
f 2289 2298 2290
f 2289 2299 2300
f 2289 2300 2298
f 2291 2301 2302
f 2291 2302 2292
f 2292 2302 2303
f 2294 2304 2295
f 2295 2304 2306
f 2295 2306 2307
f 2295 2307 2308
f 2295 2308 2305
f 2296 2309 2310
f 2296 2310 2311
f 2296 2311 2297
f 2298 2300 2312
f 2299 2305 2300
f 2300 2305 2313
f 2300 2313 2314
f 2300 2314 2312
f 2301 2315 2302
f 2302 2316 2317
f 2302 2317 2303
f 2302 2315 2318
f 2302 2318 2319
f 2302 2319 2320
f 2302 2320 2316
f 2303 2317 2321
f 2305 2308 2313
f 2306 2322 2307
f 2307 2322 2317
f 2307 2317 2323
f 2307 2323 2324
f 2307 2324 2308
f 2308 2324 2314
f 2308 2314 2313
f 2309 2325 2310
f 2310 2324 2326
f 2310 2326 2311
f 2310 2325 2327
f 2310 2327 2328
f 2310 2328 2314
f 2310 2314 2324
f 2311 2326 2319
f 2312 2314 2328
f 2316 2320 2329
f 2316 2329 2323
f 2316 2323 2317
f 2317 2322 2330
f 2317 2330 2321
f 2319 2326 2320
f 2320 2326 2324
f 2320 2324 2329
f 2323 2329 2324
o hull_045
v 0.830278 0.145976 -0.311274
v 0.844789 0.161676 -0.311274
v 0.830278 0.178632 -0.269217
v 0.830278 0.345595 -0.311274
v 0.849027 0.166558 -0.311274
v 0.873772 0.195360 -0.311274
v 0.856403 0.212288 -0.268581
v 0.830278 0.208862 -0.238920
v 0.830278 0.353902 -0.280739
v 0.957482 0.422953 -0.311274
v 1.006413 0.365663 -0.311274
v 0.884126 0.247199 -0.269955
v 0.830278 0.260701 -0.195319
v 0.830278 0.354787 -0.277435
v 0.959141 0.425951 -0.298685
v 0.981887 0.434315 -0.311274
v 1.034476 0.408138 -0.311274
v 0.843430 0.286963 -0.195319
v 0.830278 0.347451 -0.195319
v 0.830278 0.356928 -0.211291
v 0.830278 0.355900 -0.207488
v 0.965317 0.411107 -0.270261
v 1.005833 0.435999 -0.311274
v 1.033636 0.437426 -0.311274
v 0.971514 0.384417 -0.270636
v 0.924702 0.355443 -0.242632
v 0.842231 0.316993 -0.195319
v 1.032617 0.437255 -0.310706
v 1.032657 0.437569 -0.311274
f 2331 2332 2333
f 2331 2333 2338
f 2331 2338 2343
f 2331 2343 2349
f 2331 2349 2351
f 2331 2351 2350
f 2331 2350 2344
f 2331 2344 2339
f 2331 2339 2334
f 2331 2334 2340
f 2331 2340 2346
f 2331 2346 2353
f 2331 2353 2359
f 2331 2359 2354
f 2331 2354 2347
f 2331 2347 2341
f 2331 2341 2336
f 2331 2336 2335
f 2331 2335 2332
f 2332 2335 2333
f 2333 2336 2337
f 2333 2337 2338
f 2333 2335 2336
f 2334 2339 2340
f 2336 2341 2337
f 2337 2342 2338
f 2337 2341 2342
f 2338 2342 2341
f 2338 2341 2343
f 2339 2344 2340
f 2340 2345 2346
f 2340 2344 2345
f 2341 2347 2343
f 2343 2348 2357
f 2343 2357 2349
f 2343 2347 2348
f 2344 2350 2345
f 2345 2350 2351
f 2345 2351 2352
f 2345 2352 2353
f 2345 2353 2346
f 2347 2354 2355
f 2347 2355 2348
f 2348 2355 2356
f 2348 2356 2357
f 2349 2357 2352
f 2349 2352 2351
f 2352 2355 2354
f 2352 2354 2358
f 2352 2358 2359
f 2352 2359 2353
f 2352 2357 2356
f 2352 2356 2355
f 2354 2359 2358
o hull_046
v -1.325935 0.295157 -0.467519
v -1.310542 0.298808 -0.434911
v -1.321087 0.305333 -0.463984
v -1.322299 0.305333 -0.467875
v -1.318648 0.305333 -0.490412
v -1.324424 0.286763 -0.494884
v -1.317279 0.186151 -0.469571
v -1.300045 0.185563 -0.435729
v -1.281693 0.291736 -0.416134
v -1.277538 0.305333 -0.415363
v -1.308355 0.305333 -0.434780
v -1.316397 0.305333 -0.498348
v -1.300249 0.271782 -0.518738
v -1.316917 0.212043 -0.502914
v -1.308858 0.170036 -0.468930
v -1.253395 0.090993 -0.427141
v -1.292396 0.170036 -0.434318
v -1.270833 0.185731 -0.416490
v -1.288083 0.170036 -0.430830
v -1.225065 0.090993 -0.404497
v -1.243731 0.305333 -0.411472
v -1.196215 0.090993 -0.399682
v -1.299871 0.305333 -0.512700
v -1.249570 0.252561 -0.520849
v -1.258840 0.170036 -0.509177
v -1.263153 0.131742 -0.503757
v -1.280088 0.305333 -0.515096
v -1.288807 0.170057 -0.503353
v -1.262161 0.090993 -0.473355
v -1.267528 0.090993 -0.465740
v -1.227205 0.090993 -0.405909
v -1.219336 0.305333 -0.421566
v -1.195806 0.090993 -0.399800
v -1.174275 0.090993 -0.408258
v -1.243699 0.305333 -0.515108
v -1.195334 0.233740 -0.511656
v -1.165147 0.090993 -0.489866
v -1.202936 0.090993 -0.493294
v -1.195334 0.305333 -0.456713
v -1.165147 0.170036 -0.444317
v -1.172827 0.090993 -0.410820
v -1.195334 0.305333 -0.505073
v -1.165147 0.170036 -0.499569
v -1.165147 0.092609 -0.490068
v -1.165147 0.090993 -0.445088
v -1.165902 0.090993 -0.426833
f 2360 2361 2362
f 2360 2362 2363
f 2360 2363 2364
f 2360 2364 2365
f 2360 2365 2366
f 2360 2366 2361
f 2361 2366 2367
f 2361 2367 2368
f 2361 2368 2369
f 2361 2369 2370
f 2361 2370 2362
f 2362 2370 2369
f 2362 2369 2380
f 2362 2380 2391
f 2362 2391 2398
f 2362 2398 2401
f 2362 2401 2394
f 2362 2394 2386
f 2362 2386 2382
f 2362 2382 2371
f 2362 2371 2364
f 2362 2364 2363
f 2364 2371 2365
f 2365 2372 2373
f 2365 2373 2366
f 2365 2371 2372
f 2366 2373 2374
f 2366 2374 2375
f 2366 2375 2376
f 2366 2376 2367
f 2367 2377 2368
f 2367 2376 2378
f 2367 2378 2377
f 2368 2377 2379
f 2368 2379 2369
f 2369 2379 2381
f 2369 2381 2380
f 2371 2382 2372
f 2372 2383 2384
f 2372 2384 2385
f 2372 2385 2373
f 2372 2382 2386
f 2372 2386 2383
f 2373 2385 2387
f 2373 2387 2388
f 2373 2388 2389
f 2373 2389 2374
f 2374 2389 2375
f 2375 2390 2376
f 2375 2389 2388
f 2375 2388 2397
f 2375 2397 2396
f 2375 2396 2404
f 2375 2404 2405
f 2375 2405 2400
f 2375 2400 2393
f 2375 2393 2392
f 2375 2392 2381
f 2375 2381 2379
f 2375 2379 2390
f 2376 2390 2378
f 2377 2378 2379
f 2378 2390 2379
f 2380 2381 2392
f 2380 2392 2393
f 2380 2393 2391
f 2383 2386 2394
f 2383 2394 2395
f 2383 2395 2396
f 2383 2396 2397
f 2383 2397 2384
f 2384 2397 2385
f 2385 2397 2388
f 2385 2388 2387
f 2391 2393 2399
f 2391 2399 2398
f 2393 2400 2399
f 2394 2401 2395
f 2395 2401 2402
f 2395 2402 2403
f 2395 2403 2396
f 2396 2403 2402
f 2396 2402 2399
f 2396 2399 2404
f 2398 2399 2402
f 2398 2402 2401
f 2399 2400 2405
f 2399 2405 2404
o hull_047
v 1.125202 0.469537 -0.385575
v 1.114969 0.451847 -0.356409
v 1.127371 0.469163 -0.386421
v 1.126250 0.469252 -0.386421
v 1.125310 0.469323 -0.386421
v 1.035093 0.442663 -0.386421
v 1.034695 0.453769 -0.340499
v 1.032670 0.437555 -0.311274
v 1.033646 0.437431 -0.311274
v 1.179766 0.440581 -0.386421
v 1.014084 0.433142 -0.386421
v 0.951818 0.412657 -0.354666
v 0.957495 0.422979 -0.311274
v 0.981902 0.434334 -0.311274
v 1.005840 0.436025 -0.311274
v 1.034442 0.408137 -0.311274
v 1.171920 0.408493 -0.386421
v 0.894758 0.310430 -0.386421
v 0.819258 0.287738 -0.369686
v 0.810399 0.287738 -0.366832
v 0.810399 0.325611 -0.346052
v 0.810399 0.347929 -0.311274
v 1.006382 0.365672 -0.311274
v 1.033140 0.287738 -0.386421
v 0.941440 0.287738 -0.311274
v 0.888575 0.287738 -0.386421
v 0.841206 0.287738 -0.376042
v 0.820704 0.287738 -0.370106
v 0.810399 0.287738 -0.311274
f 2406 2407 2408
f 2406 2408 2409
f 2406 2409 2410
f 2406 2410 2411
f 2406 2411 2412
f 2406 2412 2413
f 2406 2413 2414
f 2406 2414 2407
f 2407 2415 2408
f 2407 2414 2415
f 2408 2415 2422
f 2408 2422 2429
f 2408 2429 2431
f 2408 2431 2423
f 2408 2423 2416
f 2408 2416 2411
f 2408 2411 2410
f 2408 2410 2409
f 2411 2416 2412
f 2412 2416 2417
f 2412 2417 2418
f 2412 2418 2419
f 2412 2419 2420
f 2412 2420 2413
f 2413 2420 2419
f 2413 2419 2418
f 2413 2418 2427
f 2413 2427 2434
f 2413 2434 2430
f 2413 2430 2428
f 2413 2428 2421
f 2413 2421 2414
f 2414 2421 2415
f 2415 2421 2422
f 2416 2423 2424
f 2416 2424 2425
f 2416 2425 2426
f 2416 2426 2427
f 2416 2427 2417
f 2417 2427 2418
f 2421 2428 2422
f 2422 2428 2430
f 2422 2430 2429
f 2423 2431 2432
f 2423 2432 2433
f 2423 2433 2424
f 2424 2433 2432
f 2424 2432 2431
f 2424 2431 2429
f 2424 2429 2430
f 2424 2430 2434
f 2424 2434 2425
f 2425 2434 2427
f 2425 2427 2426
o hull_048
v 1.033159 0.287721 -0.386421
v 0.941395 0.287721 -0.311274
v 1.052483 0.256086 -0.386421
v 0.888576 0.287721 -0.386421
v 0.899452 0.228830 -0.311274
v 0.810363 0.093270 -0.311318
v 0.907776 0.093270 -0.333135
v 0.915877 0.093270 -0.335305
v 0.956928 0.093270 -0.347906
v 0.971743 0.093270 -0.354519
v 1.063136 0.222377 -0.386421
v 1.063459 0.227250 -0.386421
v 1.059990 0.238556 -0.386421
v 1.054242 0.252869 -0.386421
v 0.810363 0.287721 -0.311274
v 0.855774 0.167274 -0.386421
v 0.810363 0.134459 -0.386178
v 0.810363 0.273426 -0.377336
v 0.841207 0.287721 -0.376042
v 0.879756 0.203077 -0.311274
v 0.873785 0.195349 -0.311274
v 0.844799 0.161659 -0.311274
v 0.810363 0.122753 -0.311274
v 0.810363 0.093270 -0.375461
v 1.029047 0.093270 -0.386421
v 0.810363 0.287721 -0.366832
v 0.848887 0.138571 -0.386421
v 0.858623 0.120565 -0.386421
v 0.873414 0.093270 -0.386421
v 0.810363 0.275710 -0.375696
v 0.819232 0.287721 -0.369686
f 2435 2436 2437
f 2435 2437 2448
f 2435 2448 2447
f 2435 2447 2446
f 2435 2446 2445
f 2435 2445 2459
f 2435 2459 2463
f 2435 2463 2462
f 2435 2462 2461
f 2435 2461 2450
f 2435 2450 2438
f 2435 2438 2453
f 2435 2453 2465
f 2435 2465 2460
f 2435 2460 2449
f 2435 2449 2436
f 2436 2439 2440
f 2436 2440 2441
f 2436 2441 2442
f 2436 2442 2443
f 2436 2443 2444
f 2436 2444 2445
f 2436 2445 2446
f 2436 2446 2447
f 2436 2447 2448
f 2436 2448 2437
f 2436 2449 2457
f 2436 2457 2456
f 2436 2456 2455
f 2436 2455 2454
f 2436 2454 2439
f 2438 2450 2451
f 2438 2451 2452
f 2438 2452 2453
f 2439 2454 2440
f 2440 2454 2455
f 2440 2455 2456
f 2440 2456 2457
f 2440 2457 2449
f 2440 2449 2460
f 2440 2460 2464
f 2440 2464 2452
f 2440 2452 2451
f 2440 2451 2458
f 2440 2458 2463
f 2440 2463 2459
f 2440 2459 2444
f 2440 2444 2443
f 2440 2443 2442
f 2440 2442 2441
f 2444 2459 2445
f 2450 2461 2451
f 2451 2461 2462
f 2451 2462 2463
f 2451 2463 2458
f 2452 2464 2465
f 2452 2465 2453
f 2460 2465 2464
o hull_049
v 1.167683 0.285623 -0.501319
v 1.245895 0.285623 -0.517264
v 1.167683 0.285623 -0.449345
v 1.167683 0.378569 -0.492981
v 1.235393 0.379763 -0.507005
v 1.291949 0.285623 -0.517239
v 1.224890 0.285623 -0.423179
v 1.167683 0.373134 -0.403225
v 1.167683 0.430270 -0.461935
v 1.167683 0.451888 -0.448730
v 1.225014 0.444168 -0.465470
v 1.299431 0.344645 -0.505648
v 1.300097 0.285623 -0.516253
v 1.249365 0.285623 -0.412997
v 1.167683 0.405345 -0.386421
v 1.167683 0.458742 -0.419580
v 1.213117 0.454848 -0.419926
v 1.293312 0.387016 -0.470760
v 1.324432 0.286800 -0.494889
v 1.322558 0.285623 -0.496746
v 1.281074 0.285623 -0.416148
v 1.171959 0.408478 -0.386421
v 1.167683 0.447128 -0.386421
v 1.167683 0.462429 -0.402174
v 1.179781 0.440568 -0.386421
v 1.195287 0.437868 -0.393619
v 1.278828 0.394493 -0.433028
v 1.325920 0.295177 -0.467519
v 1.325176 0.285623 -0.467699
v 1.324309 0.285623 -0.495017
v 1.309314 0.285623 -0.435000
v 1.281709 0.291750 -0.416135
v 1.254322 0.381304 -0.411101
v 1.310537 0.298829 -0.434898
v 1.311327 0.285623 -0.438971
f 2466 2467 2471
f 2466 2471 2478
f 2466 2478 2485
f 2466 2485 2495
f 2466 2495 2494
f 2466 2494 2500
f 2466 2500 2496
f 2466 2496 2486
f 2466 2486 2479
f 2466 2479 2472
f 2466 2472 2468
f 2466 2468 2473
f 2466 2473 2480
f 2466 2480 2488
f 2466 2488 2489
f 2466 2489 2481
f 2466 2481 2475
f 2466 2475 2474
f 2466 2474 2469
f 2466 2469 2470
f 2466 2470 2467
f 2467 2470 2471
f 2468 2472 2473
f 2469 2474 2470
f 2470 2474 2475
f 2470 2475 2476
f 2470 2476 2477
f 2470 2477 2471
f 2471 2477 2478
f 2472 2479 2480
f 2472 2480 2473
f 2475 2481 2476
f 2476 2481 2482
f 2476 2482 2483
f 2476 2483 2477
f 2477 2483 2484
f 2477 2484 2485
f 2477 2485 2478
f 2479 2486 2480
f 2480 2487 2490
f 2480 2490 2488
f 2480 2486 2487
f 2481 2489 2482
f 2482 2489 2490
f 2482 2490 2491
f 2482 2491 2492
f 2482 2492 2483
f 2483 2492 2493
f 2483 2493 2484
f 2484 2493 2494
f 2484 2494 2495
f 2484 2495 2485
f 2486 2496 2497
f 2486 2497 2490
f 2486 2490 2487
f 2488 2490 2489
f 2490 2497 2498
f 2490 2498 2491
f 2491 2498 2492
f 2492 2498 2499
f 2492 2499 2493
f 2493 2499 2494
f 2494 2499 2500
f 2496 2500 2499
f 2496 2499 2497
f 2497 2499 2498
